Cave	RefPassage	RefStation	Passage	Station	Start	End	Depth	Length	Azimuth	Inclination	LRUDs	Left	Right	Up	Down	ProfileX	ProfileY	Profile	Instrument	Direction	Weight	Loop	Colour	Level	Date	Surveyor	Title	Info	Material	Tasks	Comment	RefCave	RefX	RefY	RefZ	X	Y	Z	State
1323/42	0	0	0	0	0	0	0.00	0.00	0	0	0	0.00	0.00	0.00	0.00	0.00	0.00	0	1	1	0	0	4	1	08/27/1990	0	Loferer Schacht						0.00	0.00	0.00	0.00	0.00	0.00	
1323/42	0	0	1	1	0	0	0.00	6.90	105	-45	0	0.00	0.00	0.00	0.00	0.00	0.00	0	1	1	0	0	4	1	08/27/1990	0							0.00	0.00	0.00	4.71	-1.26	-4.88	
1323/42	1	1	1	2	0	0	0.00	10.90	171	-47	0	0.00	0.00	0.00	0.00	0.00	0.00	0	1	1	0	0	4	1	08/27/1990	0							4.71	-1.26	-4.88	5.88	-8.61	-12.85	
1323/42	1	2	1	3	0	0	0.00	4.40	272	13	0	0.00	0.00	0.00	0.00	0.00	0.00	0	1	1	0	0	4	1	08/27/1990	0	P43						5.88	-8.61	-12.85	1.59	-8.46	-11.86	
1323/42	1	3	1	4	0	0	0.00	43.20	45	-83	0	0.00	0.00	0.00	0.00	0.00	0.00	0	1	1	0	0	4	1	08/27/1990	0							1.59	-8.46	-11.86	5.31	-4.73	-54.74	
1323/42	1	4	1	5	0	0	0.00	10.40	70	47	0	0.00	0.00	0.00	0.00	0.00	0.00	0	1	1	0	0	4	1	08/27/1990	0							5.31	-4.73	-54.74	11.98	-2.31	-47.13	
1323/42	1	5	1	6	0	0	0.00	5.20	30	29	0	0.00	0.00	0.00	0.00	0.00	0.00	0	1	1	0	0	4	1	08/27/1990	0							11.98	-2.31	-47.13	14.25	1.63	-44.61	
1323/42	1	6	1	7	0	0	0.00	3.20	128	-31	0	0.00	0.00	0.00	0.00	0.00	0.00	0	1	1	0	0	4	1	08/27/1990	0							14.25	1.63	-44.61	16.41	-0.06	-46.26	
1323/42	1	7	1	8	0	0	0.00	1.50	90	-20	0	0.00	0.00	0.00	0.00	0.00	0.00	0	1	1	0	0	4	1	08/27/1990	0	Y-Schacht, P18						16.41	-0.06	-46.26	17.82	-0.06	-46.77	
1323/42	1	8	1	9	0	0	0.00	18.50	0	-90	0	0.00	0.00	0.00	0.00	0.00	0.00	0	1	1	0	0	4	1	08/27/1990	0							17.82	-0.06	-46.77	17.82	-0.06	-65.27	
1323/42	1	9	1	10	0	0	0.00	6.20	10	28	0	0.00	0.00	0.00	0.00	0.00	0.00	0	1	1	0	0	4	1	08/27/1990	0							17.82	-0.06	-65.27	18.77	5.33	-62.36	
1323/42	1	10	1	11	0	0	0.00	6.40	336	30	0	0.00	0.00	0.00	0.00	0.00	0.00	0	1	1	0	0	4	1	08/27/1990	0							18.77	5.33	-62.36	16.52	10.40	-59.16	
1323/42	1	11	1	12	0	0	0.00	4.50	287	-18	0	0.00	0.00	0.00	0.00	0.00	0.00	0	1	1	0	0	4	1	08/27/1990	0							16.52	10.40	-59.16	12.43	11.65	-60.55	
1323/42	1	12	1	13	0	0	0.00	4.20	339	-26	0	0.00	0.00	0.00	0.00	0.00	0.00	0	1	1	0	0	4	1	08/27/1990	0	Engstelle, P11						12.43	11.65	-60.55	11.07	15.17	-62.39	
1323/42	1	13	1	14	0	0	0.00	11.20	0	-90	0	0.00	0.00	0.00	0.00	0.00	0.00	0	1	1	0	0	4	1	08/27/1990	0							11.07	15.17	-62.39	11.07	15.17	-73.59	
1323/42	1	14	1	15	0	0	0.00	5.90	55	-30	0	0.00	0.00	0.00	0.00	0.00	0.00	0	1	1	0	0	4	1	08/27/1990	0	P16						11.07	15.17	-73.59	15.26	18.10	-76.54	
1323/42	1	15	1	16	0	0	0.00	16.15	82	-78	0	0.00	0.00	0.00	0.00	0.00	0.00	0	1	1	0	0	4	1	08/28/1990	0							15.26	18.10	-76.54	18.59	18.57	-92.34	
1323/42	1	16	1	17	0	0	0.00	9.00	27	0	0	0.00	0.00	0.00	0.00	0.00	0.00	0	1	1	0	0	4	1	08/28/1990	0	P14 (P22)						18.59	18.57	-92.34	22.67	26.59	-92.34	
1323/42	1	17	1	18	0	0	0.00	14.70	15	-72	0	0.00	0.00	0.00	0.00	0.00	0.00	0	1	1	0	0	4	1	08/28/1990	0							22.67	26.59	-92.34	23.85	30.98	-106.32	
1323/42	1	18	1	19	0	0	0.00	5.50	120	24	0	0.00	0.00	0.00	0.00	0.00	0.00	0	1	1	0	0	4	1	08/28/1990	0	P57 (P190)						23.85	30.98	-106.32	28.20	28.47	-104.08	
1323/42	1	19	1	20	0	0	0.00	20.00	33	-75	0	0.00	0.00	0.00	0.00	0.00	0.00	0	1	1	0	0	4	1	08/30/1990	0	Loferer Schacht						28.20	28.47	-104.08	31.02	32.81	-123.40	
1323/42	1	20	1	21	0	0	0.00	16.50	355	-78	0	0.00	0.00	0.00	0.00	0.00	0.00	0	1	1	0	0	4	1	08/30/1990	0							31.02	32.81	-123.40	30.72	36.22	-139.54	
1323/42	1	21	1	22	0	0	0.00	14.90	20	-60	0	0.00	0.00	0.00	0.00	0.00	0.00	0	1	1	0	0	4	1	08/30/1990	0							30.72	36.22	-139.54	33.27	43.23	-152.45	
1323/42	1	22	1	23	0	0	0.00	11.50	325	-51	0	0.00	0.00	0.00	0.00	0.00	0.00	0	1	1	0	0	4	1	08/30/1990	0	P40						33.27	43.23	-152.45	29.12	49.15	-161.38	
1323/42	1	23	1	24	0	0	0.00	41.00	325	-75	0	0.00	0.00	0.00	0.00	0.00	0.00	0	1	1	0	0	4	1	08/30/1990	0							29.12	49.15	-161.38	23.03	57.85	-200.99	
1323/42	1	24	1	25	0	0	0.00	4.00	68	-10	0	0.00	0.00	0.00	0.00	0.00	0.00	0	1	1	0	0	4	1	08/30/1990	0	P56						23.03	57.85	-200.99	26.68	59.32	-201.68	
1323/42	1	25	1	26	0	0	0.00	30.70	0	-90	0	0.00	0.00	0.00	0.00	0.00	0.00	0	1	1	0	0	4	1	08/30/1990	0							26.68	59.32	-201.68	26.68	59.32	-232.38	
1323/42	1	26	1	27	0	0	0.00	1.00	105	0	0	0.00	0.00	0.00	0.00	0.00	0.00	0	1	1	0	0	4	1	08/30/1990	0							26.68	59.32	-232.38	27.65	59.06	-232.38	
1323/42	1	27	1	28	0	0	0.00	25.70	0	-90	0	0.00	0.00	0.00	0.00	0.00	0.00	0	1	1	0	0	4	1	08/30/1990	0							27.65	59.06	-232.38	27.65	59.06	-258.08	
1323/42	1	28	1	29	0	0	0.00	4.60	55	-19	0	0.00	0.00	0.00	0.00	0.00	0.00	0	1	1	0	0	4	1	08/30/1990	0	P34						27.65	59.06	-258.08	31.21	61.56	-259.58	
1323/42	1	29	1	30	0	0	0.00	34.00	0	-90	0	0.00	0.00	0.00	0.00	0.00	0.00	0	1	1	0	0	4	1	08/30/1990	0							31.21	61.56	-259.58	31.21	61.56	-293.58	
1323/42	1	30	1	31	0	0	0.00	8.90	38	-22	0	0.00	0.00	0.00	0.00	0.00	0.00	0	1	1	0	0	4	1	08/30/1990	0							31.21	61.56	-293.58	36.29	68.06	-296.91	
1323/42	1	31	1	32	0	0	0.00	11.00	310	-29	0	0.00	0.00	0.00	0.00	0.00	0.00	0	1	1	0	0	4	1	08/30/1990	0	Biwak 1						36.29	68.06	-296.91	28.92	74.24	-302.25	
1323/42	1	32	1	33	0	0	0.00	7.60	358	-70	0	0.00	0.00	0.00	0.00	0.00	0.00	0	1	1	0	0	4	1	08/30/1990	0	P18						28.92	74.24	-302.25	28.83	76.84	-309.39	
1323/42	1	33	1	34	0	0	0.00	12.70	275	-63	0	0.00	0.00	0.00	0.00	0.00	0.00	0	1	1	0	0	4	1	08/30/1990	0							28.83	76.84	-309.39	23.09	77.34	-320.70	
1323/42	1	34	1	35	0	0	0.00	11.00	10	-30	0	0.00	0.00	0.00	0.00	0.00	0.00	0	1	1	0	0	4	1	08/30/1990	0	P8						23.09	77.34	-320.70	24.74	86.73	-326.20	
1323/42	1	35	1	36	0	0	0.00	11.30	38	-35	0	0.00	0.00	0.00	0.00	0.00	0.00	0	1	1	0	0	4	1	08/30/1990	0	P10 (P14)						24.74	86.73	-326.20	30.44	94.02	-332.68	
1323/42	1	36	1	37	0	0	0.00	12.10	345	-62	0	0.00	0.00	0.00	0.00	0.00	0.00	0	1	1	0	0	4	1	08/30/1990	0	P22 (P54)						30.44	94.02	-332.68	28.97	99.51	-343.37	
1323/42	1	37	1	38	0	0	0.00	21.80	0	-90	0	0.00	0.00	0.00	0.00	0.00	0.00	0	1	1	0	0	4	1	08/30/1990	0							28.97	99.51	-343.37	28.97	99.51	-365.17	
1323/42	1	38	1	39	0	0	0.00	3.60	348	10	0	0.00	0.00	0.00	0.00	0.00	0.00	0	1	1	0	0	4	1	10/03/1990	0							28.97	99.51	-365.17	28.23	102.98	-364.54	
1323/42	1	39	1	40	0	0	0.00	2.90	342	-28	0	0.00	0.00	0.00	0.00	0.00	0.00	0	1	1	0	0	4	1	10/03/1990	0	P33						28.23	102.98	-364.54	27.44	105.41	-365.90	
1323/42	1	40	1	41	0	0	0.00	31.40	0	-90	0	0.00	0.00	0.00	0.00	0.00	0.00	0	1	1	0	0	4	1	10/03/1990	0							27.44	105.41	-365.90	27.44	105.41	-397.30	
1323/42	1	41	1	42	0	0	0.00	4.70	44	5	0	0.00	0.00	0.00	0.00	0.00	0.00	0	1	1	0	0	4	1	10/03/1990	0	R3, P10						27.44	105.41	-397.30	30.69	108.78	-396.89	
1323/42	1	42	1	43	0	0	0.00	4.80	0	-43	0	0.00	0.00	0.00	0.00	0.00	0.00	0	1	1	0	0	4	1	10/03/1990	0							30.69	108.78	-396.89	30.69	112.29	-400.17	
1323/42	1	43	1	44	0	0	0.00	6.80	123	-51	0	0.00	0.00	0.00	0.00	0.00	0.00	0	1	1	0	0	4	1	10/03/1990	0							30.69	112.29	-400.17	34.28	109.96	-405.45	
1323/42	1	44	1	45	0	0	0.00	6.10	72	-59	0	0.00	0.00	0.00	0.00	0.00	0.00	0	1	1	0	0	4	1	10/03/1990	0	P37						34.28	109.96	-405.45	37.27	110.93	-410.68	
1323/42	1	45	1	46	0	0	0.00	13.85	67	-72	0	0.00	0.00	0.00	0.00	0.00	0.00	0	1	1	0	0	4	1	10/03/1990	0							37.27	110.93	-410.68	41.21	112.60	-423.85	
1323/42	1	46	1	47	0	0	0.00	24.75	38	-73	0	0.00	0.00	0.00	0.00	0.00	0.00	0	1	1	0	0	4	1	10/03/1990	0							41.21	112.60	-423.85	45.66	118.30	-447.52	
1323/42	1	47	1	48	0	0	0.00	6.10	295	10	0	0.00	0.00	0.00	0.00	0.00	0.00	0	1	1	0	0	4	1	10/03/1990	0	P51						45.66	118.30	-447.52	40.22	120.84	-446.46	
1323/42	1	48	1	49	0	0	0.00	19.45	43	-70	0	0.00	0.00	0.00	0.00	0.00	0.00	0	1	1	0	0	4	1	10/03/1990	0							40.22	120.84	-446.46	44.76	125.71	-464.74	
1323/42	1	49	1	50	0	0	0.00	33.20	85	-80	0	0.00	0.00	0.00	0.00	0.00	0.00	0	1	1	0	0	4	1	10/03/1990	0							44.76	125.71	-464.74	50.50	126.21	-497.44	
1323/42	1	50	1	51	0	0	0.00	4.50	40	-10	0	0.00	0.00	0.00	0.00	0.00	0.00	0	1	1	0	0	4	1	10/03/1990	0	P8						50.50	126.21	-497.44	53.35	129.60	-498.22	
1323/42	1	51	1	52	0	0	0.00	8.25	300	-80	0	0.00	0.00	0.00	0.00	0.00	0.00	0	1	1	0	0	4	1	10/05/1990	0							53.35	129.60	-498.22	52.11	130.32	-506.34	
1323/42	1	52	1	53	0	0	0.00	4.40	20	0	0	0.00	0.00	0.00	0.00	0.00	0.00	0	1	1	0	0	4	1	10/05/1990	0	P4						52.11	130.32	-506.34	53.61	134.46	-506.34	
1323/42	1	53	1	54	0	0	0.00	4.10	0	-90	0	0.00	0.00	0.00	0.00	0.00	0.00	0	1	1	0	0	4	1	10/05/1990	0							53.61	134.46	-506.34	53.61	134.46	-510.44	
1323/42	1	54	1	55	0	0	0.00	6.85	30	12	0	0.00	0.00	0.00	0.00	0.00	0.00	0	1	1	0	0	4	1	10/05/1990	0							53.61	134.46	-510.44	56.96	140.26	-509.02	
1323/42	1	55	1	56	0	0	0.00	1.80	88	29	0	0.00	0.00	0.00	0.00	0.00	0.00	0	1	1	0	0	4	1	10/05/1990	0	P17						56.96	140.26	-509.02	58.54	140.31	-508.15	
1323/42	1	56	1	57	0	0	0.00	10.80	0	-90	0	0.00	0.00	0.00	0.00	0.00	0.00	0	1	1	0	0	4	1	10/05/1990	0							58.54	140.31	-508.15	58.54	140.31	-518.95	
1323/42	1	57	1	58	0	0	0.00	3.10	73	22	0	0.00	0.00	0.00	0.00	0.00	0.00	0	1	1	0	0	4	1	10/05/1990	0							58.54	140.31	-518.95	61.28	141.15	-517.78	
1323/42	1	58	1	59	0	0	0.00	9.30	43	-54	0	0.00	0.00	0.00	0.00	0.00	0.00	0	1	1	0	0	4	1	10/05/1990	0	P10						61.28	141.15	-517.78	65.01	145.15	-525.31	
1323/42	1	59	1	60	0	0	0.00	14.15	38	-44	0	0.00	0.00	0.00	0.00	0.00	0.00	0	1	1	0	0	4	1	10/05/1990	0	P10						65.01	145.15	-525.31	71.28	153.17	-535.14	
1323/42	1	60	1	61	0	0	0.00	8.25	34	-54	0	0.00	0.00	0.00	0.00	0.00	0.00	0	1	1	0	0	4	1	10/05/1990	0							71.28	153.17	-535.14	73.99	157.19	-541.81	
1323/42	1	61	1	62	0	0	0.00	5.25	43	-51	0	0.00	0.00	0.00	0.00	0.00	0.00	0	1	1	0	0	4	1	10/05/1990	0	R13						73.99	157.19	-541.81	76.24	159.61	-545.89	
1323/42	1	62	1	63	0	0	0.00	8.40	352	-50	0	0.00	0.00	0.00	0.00	0.00	0.00	0	1	1	0	0	4	1	10/05/1990	0							76.24	159.61	-545.89	75.49	164.96	-552.33	
1323/42	1	63	1	64	0	0	0.00	9.25	50	-43	0	0.00	0.00	0.00	0.00	0.00	0.00	0	1	1	0	0	4	1	10/05/1990	0	P30						75.49	164.96	-552.33	80.68	169.30	-558.63	
1323/42	1	64	1	65	0	0	0.00	10.90	93	-70	0	0.00	0.00	0.00	0.00	0.00	0.00	0	1	1	0	0	4	1	10/05/1990	0							80.68	169.30	-558.63	84.40	169.11	-568.88	
1323/42	1	65	1	66	0	0	0.00	21.35	295	-71	0	0.00	0.00	0.00	0.00	0.00	0.00	0	1	-1	0	0	4	1	10/05/1990	0							84.40	169.11	-568.88	78.10	172.05	-589.06	
1323/42	1	66	1	67	0	0	0.00	3.00	300	-55	0	0.00	0.00	0.00	0.00	0.00	0.00	0	1	-1	0	0	4	1	08/26/1991	0							78.10	172.05	-589.06	76.61	172.91	-591.52	
1323/42	1	67	1	68	0	0	0.00	6.20	200	10	0	0.00	0.00	0.00	0.00	0.00	0.00	0	1	-1	0	0	4	1	08/26/1991	0							76.61	172.91	-591.52	74.52	167.17	-590.45	
1323/42	1	68	1	69	0	0	0.00	3.30	320	0	0	0.00	0.00	0.00	0.00	0.00	0.00	0	1	-1	0	0	4	1	08/26/1991	0	P25						74.52	167.17	-590.45	72.40	169.70	-590.45	
1323/42	1	69	1	70	0	0	0.00	20.80	280	-70	0	0.00	0.00	0.00	0.00	0.00	0.00	0	1	-1	0	0	4	1	08/26/1991	0							72.40	169.70	-590.45	65.39	170.93	-609.99	
1323/42	1	70	1	71	0	0	0.00	5.00	200	-5	0	0.00	0.00	0.00	0.00	0.00	0.00	0	1	-1	0	0	4	1	08/26/1991	0							65.39	170.93	-609.99	63.69	166.25	-610.43	
1323/42	1	71	1	72	0	0	0.00	6.20	225	-30	0	0.00	0.00	0.00	0.00	0.00	0.00	0	1	-1	0	0	4	1	08/26/1991	0							63.69	166.25	-610.43	59.89	162.46	-613.53	
1323/42	1	72	1	73	0	0	0.00	13.50	265	-50	0	0.00	0.00	0.00	0.00	0.00	0.00	0	1	-1	0	0	4	1	08/26/1991	0							59.89	162.46	-613.53	51.25	161.70	-623.87	
1323/42	1	73	1	74	0	0	0.00	4.80	315	-35	0	0.00	0.00	0.00	0.00	0.00	0.00	0	1	-1	0	0	4	1	08/26/1991	0							51.25	161.70	-623.87	48.47	164.48	-626.62	
1323/42	1	74	1	75	0	0	0.00	7.80	310	-55	0	0.00	0.00	0.00	0.00	0.00	0.00	0	1	-1	0	0	4	1	08/26/1991	0	P13						48.47	164.48	-626.62	45.04	167.36	-633.01	
1323/42	1	75	1	76	0	0	0.00	14.00	280	-65	0	0.00	0.00	0.00	0.00	0.00	0.00	0	1	-1	0	0	4	1	08/26/1991	0							45.04	167.36	-633.01	39.21	168.38	-645.70	
1323/42	1	76	1	77	0	0	0.00	4.00	255	-55	0	0.00	0.00	0.00	0.00	0.00	0.00	0	1	-1	0	0	4	1	08/26/1991	0							39.21	168.38	-645.70	37.00	167.79	-648.98	
1323/42	1	77	1	78	0	0	0.00	7.00	330	-55	0	0.00	0.00	0.00	0.00	0.00	0.00	0	1	1	0	0	4	1	08/26/1991	0							37.00	167.79	-648.98	34.99	171.27	-654.71	
1323/42	1	2	2	1	0	0	0.00	11.10	160	10	0	0.00	0.00	0.00	0.00	0.00	0.00	0	1	1	0	0	4	1	08/29/1990	0							5.88	-8.61	-12.85	9.61	-18.88	-10.92	
1323/42	2	1	2	2	0	0	0.00	6.60	172	32	0	0.00	0.00	0.00	0.00	0.00	0.00	0	1	1	0	0	4	1	08/29/1990	0							9.61	-18.88	-10.92	10.39	-24.42	-7.43	
1323/42	2	2	2	3	0	0	0.00	7.50	135	-22	0	0.00	0.00	0.00	0.00	0.00	0.00	0	1	1	0	0	4	1	08/29/1990	0							10.39	-24.42	-7.43	15.31	-29.34	-10.24	
1323/42	2	3	2	4	0	0	0.00	5.10	140	10	0	0.00	0.00	0.00	0.00	0.00	0.00	0	1	1	0	0	4	1	08/29/1990	0							15.31	-29.34	-10.24	18.54	-33.18	-9.35	
1323/42	2	4	2	5	0	0	0.00	2.80	0	90	0	0.00	0.00	0.00	0.00	0.00	0.00	0	1	-1	0	0	4	1	08/29/1990	0	3. Eingang						18.54	-33.18	-9.35	18.54	-33.18	-6.55	
1323/42	2	2	3	1	0	0	0.00	5.80	335	41	0	0.00	0.00	0.00	0.00	0.00	0.00	0	1	-1	0	0	4	1	08/29/1990	0	2. Eingang						10.39	-24.42	-7.43	8.54	-20.45	-3.62	
1323/42	1	41	4	1	0	0	0.00	8.50	2	0	0	0.00	0.00	0.00	0.00	0.00	0.00	0	1	1	0	0	4	1	10/03/1990	0							27.44	105.41	-397.30	27.74	113.91	-397.30	
1323/42	1	76	5	1	0	0	0.00	12.90	210	-20	0	0.00	0.00	0.00	0.00	0.00	0.00	0	1	-1	0	0	4	1	08/26/1991	0							39.21	168.38	-645.70	33.15	157.88	-650.11	
1323/42	1	19	10	1	0	0	0.00	3.60	110	55	0	0.00	0.00	0.00	0.00	0.00	0.00	0	1	1	0	0	2	2	09/19/1994	0	Quergang						28.20	28.47	-104.08	30.14	27.76	-101.14	
1323/42	10	1	10	2	0	0	0.00	5.10	125	10	0	0.00	0.00	0.00	0.00	0.00	0.00	0	1	1	0	0	2	2	09/19/1994	0							30.14	27.76	-101.14	34.25	24.88	-100.25	
1323/42	10	2	10	3	0	0	0.00	4.10	100	0	0	0.00	0.00	0.00	0.00	0.00	0.00	0	1	1	0	0	2	2	09/19/1994	0	P17						34.25	24.88	-100.25	38.29	24.17	-100.25	
1323/42	10	3	10	4	0	0	0.00	9.50	50	-75	0	0.00	0.00	0.00	0.00	0.00	0.00	0	1	1	0	0	2	2	09/19/1994	0							38.29	24.17	-100.25	40.17	25.75	-109.43	
1323/42	10	4	10	5	0	0	0.00	8.70	15	-70	0	0.00	0.00	0.00	0.00	0.00	0.00	0	1	1	0	0	2	2	09/19/1994	0							40.17	25.75	-109.43	40.94	28.62	-117.60	
1323/42	10	5	10	6	0	0	0.00	5.80	110	25	0	0.00	0.00	0.00	0.00	0.00	0.00	0	1	1	0	0	2	2	09/19/1994	0							40.94	28.62	-117.60	45.88	26.82	-115.15	
1323/42	10	6	10	7	0	0	0.00	13.00	110	0	0	0.00	0.00	0.00	0.00	0.00	0.00	0	1	1	0	0	2	2	09/19/1994	0	P38						45.88	26.82	-115.15	58.10	22.38	-115.15	
1323/42	10	7	10	8	0	0	0.00	19.00	50	-75	0	0.00	0.00	0.00	0.00	0.00	0.00	0	1	1	0	0	2	2	09/19/1994	0							58.10	22.38	-115.15	61.87	25.54	-133.50	
1323/42	10	8	10	9	0	0	0.00	8.80	30	-85	0	0.00	0.00	0.00	0.00	0.00	0.00	0	1	1	0	0	2	2	09/19/1994	0							61.87	25.54	-133.50	62.25	26.20	-142.27	
1323/42	10	9	10	10	0	0	0.00	13.20	50	-55	0	0.00	0.00	0.00	0.00	0.00	0.00	0	1	1	0	0	2	2	09/19/1994	0							62.25	26.20	-142.27	68.05	31.07	-153.08	
1323/42	10	10	10	11	0	0	0.00	8.00	40	-65	0	0.00	0.00	0.00	0.00	0.00	0.00	0	1	1	0	0	2	2	09/19/1994	0							68.05	31.07	-153.08	70.22	33.66	-160.33	
1323/42	10	11	10	12	0	0	0.00	8.00	85	-40	0	0.00	0.00	0.00	0.00	0.00	0.00	0	1	1	0	0	2	2	09/19/1994	0	P55						70.22	33.66	-160.33	76.33	34.19	-165.48	
1323/42	10	12	10	13	0	0	0.00	15.00	355	-60	0	0.00	0.00	0.00	0.00	0.00	0.00	0	1	1	0	0	2	2	09/19/1994	0							76.33	34.19	-165.48	75.67	41.66	-178.47	
1323/42	10	13	10	14	0	0	0.00	13.50	0	-65	0	0.00	0.00	0.00	0.00	0.00	0.00	0	1	1	0	0	2	2	09/19/1994	0							75.67	41.66	-178.47	75.67	47.37	-190.70	
1323/42	10	14	10	15	0	0	0.00	21.50	45	-75	0	0.00	0.00	0.00	0.00	0.00	0.00	0	1	1	0	0	2	2	09/19/1994	0							75.67	47.37	-190.70	79.61	51.30	-211.47	
1323/42	10	15	10	16	0	0	0.00	14.40	3	-50	0	0.00	0.00	0.00	0.00	0.00	0.00	0	1	1	0	0	2	2	08/05/1996	0	P11						79.61	51.30	-211.47	80.09	60.55	-222.50	
1323/42	10	16	10	17	0	0	0.00	11.60	0	-75	0	0.00	0.00	0.00	0.00	0.00	0.00	0	1	1	0	0	2	2	08/05/1996	0							80.09	60.55	-222.50	80.09	63.55	-233.70	
1323/42	10	17	10	18	0	0	0.00	5.00	75	-40	0	0.00	0.00	0.00	0.00	0.00	0.00	0	1	1	0	0	2	2	09/19/1994	0	Verschwörungshalle						80.09	63.55	-233.70	83.79	64.54	-236.92	
1323/42	10	18	10	19	0	0	0.00	12.50	165	-5	0	0.00	0.00	0.00	0.00	0.00	0.00	0	1	-1	0	0	2	2	09/19/1994	0	Biwak 2, P19						83.79	64.54	-236.92	87.02	52.51	-238.01	
1323/42	10	19	10	20	0	0	0.00	4.55	200	-70	0	0.00	0.00	0.00	0.00	0.00	0.00	0	1	-1	0	0	2	3	08/05/1996	0							87.02	52.51	-238.01	86.48	51.05	-242.28	
1323/42	10	20	10	21	0	0	0.00	15.10	120	-80	0	0.00	0.00	0.00	0.00	0.00	0.00	0	1	-1	0	0	2	3	08/05/1996	0							86.48	51.05	-242.28	88.76	49.74	-257.15	
1323/42	10	21	10	22	0	0	0.00	10.80	322	0	0	0.00	0.00	0.00	0.00	0.00	0.00	0	1	0.5	0	0	2	3	08/05/1996	0							88.76	49.74	-257.15	82.11	58.25	-257.15	
1323/42	10	22	10	23	0	0	0.00	11.55	0	30	0	0.00	0.00	0.00	0.00	0.00	0.00	0	1	0.5	0	0	2	3	08/05/1996	0	P14						82.11	58.25	-257.15	82.11	68.25	-251.38	
1323/42	10	23	10	24	0	0	0.00	14.30	62	-74	0	0.00	0.00	0.00	0.00	0.00	0.00	0	1	1	0	0	2	3	08/05/1996	0	Sambucca-Halle						82.11	68.25	-251.38	85.59	70.10	-265.12	
1323/42	10	24	10	25	0	0	0.00	5.20	295	10	0	0.00	0.00	0.00	0.00	0.00	0.00	0	1	1	0	0	2	3	08/05/1996	0	P19						85.59	70.10	-265.12	80.94	72.27	-264.22	
1323/42	10	25	10	26	0	0	0.00	13.80	31	-80	0	0.00	0.00	0.00	0.00	0.00	0.00	0	1	1	0	0	2	3	08/05/1996	0	Teufelsfinger						80.94	72.27	-264.22	82.18	74.32	-277.81	
1323/42	10	26	10	28	0	0	0.00	8.55	23	32	0	0.00	0.00	0.00	0.00	0.00	0.00	0	1	1	0	0	2	3	08/05/1996	0							82.18	74.32	-277.81	85.01	81.00	-273.28	
1323/42	10	28	10	29	0	0	0.00	3.15	23.5	10	0	0.00	0.00	0.00	0.00	0.00	0.00	0	1	1	0	0	2	3	08/05/1996	0							85.01	81.00	-273.28	86.25	83.84	-272.73	
1323/42	10	29	10	30	0	0	0.00	15.05	86	24	0	0.00	0.00	0.00	0.00	0.00	0.00	0	1	1	0	0	2	3	08/05/1996	0							86.25	83.84	-272.73	99.96	84.80	-266.61	
1323/42	10	5	11	1	0	0	0.00	6.60	290	0	0	0.00	0.00	0.00	0.00	0.00	0.00	0	1	-1	0	0	2	2	09/19/1994	0							40.94	28.62	-117.60	34.74	30.88	-117.60	
1323/42	11	1	11	2	0	0	0.00	4.00	240	25	0	0.00	0.00	0.00	0.00	0.00	0.00	0	1	-1	0	0	2	2	09/19/1994	0							34.74	30.88	-117.60	31.60	29.07	-115.91	
1323/42	10	18	12	1	0	0	0.00	9.10	82	0	0	0.00	0.00	0.00	0.00	0.00	0.00	0	1	0	0	0	2	2	09/19/1994	0							83.79	64.54	-236.92	92.80	65.81	-236.92	
1323/42	10	21	15	1	0	0	0.00	4.25	130	-10	0	0.00	0.00	0.00	0.00	0.00	0.00	0	1	-1	0	0	2	3	08/05/1996	0							88.76	49.74	-257.15	91.96	47.05	-257.89	
1323/42	10	24	16	1	0	0	0.00	5.93	226	-23	0	0.00	0.00	0.00	0.00	0.00	0.00	0	1	-1	0	0	2	3	08/05/1996	0							85.59	70.10	-265.12	81.66	66.31	-267.44	
1323/42	16	1	16	2	0	0	0.00	11.00	155	-32	0	0.00	0.00	0.00	0.00	0.00	0.00	0	1	-1	0	0	2	3	08/05/1996	0							81.66	66.31	-267.44	85.60	57.86	-273.27	
1323/42	16	2	16	3	0	0	0.00	6.60	5	21	0	0.00	0.00	0.00	0.00	0.00	0.00	0	1	1	0	0	2	3	08/05/1996	0	P12						85.60	57.86	-273.27	86.14	64.00	-270.91	
1323/42	16	3	16	4	0	0	0.00	12.00	0	-90	0	0.00	0.00	0.00	0.00	0.00	0.00	0	1	1	0	0	2	3	08/05/1996	0							86.14	64.00	-270.91	86.14	64.00	-282.91	
1323/42	10	26	17	1	0	0	0.00	8.10	120	-20	0	0.00	0.00	0.00	0.00	0.00	0.00	0	1	-1	0	0	2	3	08/05/1996	0							82.18	74.32	-277.81	88.77	70.52	-280.58	
1323/42	17	1	16	4	0	0	0.00	8.40	207	-15	0	0.00	0.00	0.00	0.00	0.00	0.00	0	1	-1	0	17	2	3	08/05/1996	0							88.77	70.52	-280.58	85.09	63.29	-282.76	
1323/42	10	26	18	1	0	0	0.00	5.60	0	-90	0	0.00	0.00	0.00	0.00	0.00	0.00	0	1	1	0	0	2	3	08/05/1996	0							82.18	74.32	-277.81	82.18	74.32	-283.41	
1323/42	17	1	19	1	0	0	0.00	11.20	330	20	0	0.00	0.00	0.00	0.00	0.00	0.00	0	1	1	0	0	2	3	08/05/1996	0							88.77	70.52	-280.58	83.51	79.63	-276.75	
1323/42	10	18	20	1	0	0	0.00	5.00	82	10	0	0.00	0.00	0.00	0.00	0.00	0.00	0	1	1	0	0	2	2	08/07/1996	0							83.79	64.54	-236.92	88.67	65.23	-236.05	
1323/42	20	1	20	2	0	0	0.00	3.40	35	-42	0	0.00	0.00	0.00	0.00	0.00	0.00	0	1	1	0	0	2	2	08/07/1996	0	P17						88.67	65.23	-236.05	90.12	67.30	-238.32	
1323/42	20	2	20	3	0	0	0.00	7.63	0	-90	0	0.00	0.00	0.00	0.00	0.00	0.00	0	1	1	0	0	2	2	08/07/1996	0							90.12	67.30	-238.32	90.12	67.30	-245.95	
1323/42	20	3	20	4	0	0	0.00	4.72	32	10	0	0.00	0.00	0.00	0.00	0.00	0.00	0	1	1	0	0	2	2	08/07/1996	0							90.12	67.30	-245.95	92.58	71.24	-245.14	
1323/42	20	4	20	5	0	0	0.00	8.52	32	-83.2	0	0.00	0.00	0.00	0.00	0.00	0.00	0	1	1	0	0	2	2	08/07/1996	0							92.58	71.24	-245.14	93.12	72.09	-253.60	
1323/42	20	5	20	6	0	0	0.00	8.35	89	9	0	0.00	0.00	0.00	0.00	0.00	0.00	0	1	1	0	0	2	2	08/07/1996	0							93.12	72.09	-253.60	101.36	72.24	-252.29	
1323/42	20	6	20	7	0	0	0.00	8.28	0	-90	0	0.00	0.00	0.00	0.00	0.00	0.00	0	1	1	0	0	2	2	08/07/1996	0							101.36	72.24	-252.29	101.36	72.24	-260.57	
1323/42	20	7	20	8	0	0	0.00	3.00	25	0	0	0.00	0.00	0.00	0.00	0.00	0.00	0	1	1	0	0	2	2	08/07/1996	0							101.36	72.24	-260.57	102.63	74.96	-260.57	
1323/42	20	8	20	9	0	0	0.00	2.83	355	16	0	0.00	0.00	0.00	0.00	0.00	0.00	0	1	1	0	0	2	2	08/07/1996	0							102.63	74.96	-260.57	102.39	77.67	-259.79	
1323/42	20	9	20	10	0	0	0.00	3.65	66	-1	0	0.00	0.00	0.00	0.00	0.00	0.00	0	1	1	0	0	2	2	08/07/1996	0							102.39	77.67	-259.79	105.73	79.15	-259.85	
1323/42	20	10	20	11	0	0	0.00	6.89	76	-5	0	0.00	0.00	0.00	0.00	0.00	0.00	0	1	1	0	0	2	2	08/07/1996	0	Beach, P8						105.73	79.15	-259.85	112.39	80.81	-260.45	
1323/42	20	11	20	12	0	0	0.00	7.78	0	-90	0	0.00	0.00	0.00	0.00	0.00	0.00	0	1	1	0	0	2	2	08/07/1996	0							112.39	80.81	-260.45	112.39	80.81	-268.23	
1323/42	20	12	20	13	0	0	0.00	6.94	139	35	0	0.00	0.00	0.00	0.00	0.00	0.00	0	1	1	0	0	2	2	08/07/1996	0							112.39	80.81	-268.23	116.12	76.52	-264.25	
1323/42	20	13	20	14	0	0	0.00	3.48	70	6	0	0.00	0.00	0.00	0.00	0.00	0.00	0	1	1	0	0	2	2	08/07/1996	0							116.12	76.52	-264.25	119.37	77.71	-263.89	
1323/42	20	14	20	15	0	0	0.00	3.16	357	8	0	0.00	0.00	0.00	0.00	0.00	0.00	0	1	1	0	0	2	2	08/07/1996	0							119.37	77.71	-263.89	119.21	80.83	-263.45	
1323/42	20	15	20	16	0	0	0.00	6.42	71	-44	0	0.00	0.00	0.00	0.00	0.00	0.00	0	1	1	0	0	2	2	08/07/1996	0							119.21	80.83	-263.45	123.57	82.33	-267.91	
1323/42	20	16	20	17	0	0	0.00	3.60	36	-26	0	0.00	0.00	0.00	0.00	0.00	0.00	0	1	1	0	0	2	2	08/07/1996	0	P18						123.57	82.33	-267.91	125.47	84.95	-269.49	
1323/42	20	17	20	18	0	0	0.00	18.12	0	-90	0	0.00	0.00	0.00	0.00	0.00	0.00	0	1	1	0	0	2	2	08/07/1996	0							125.47	84.95	-269.49	125.47	84.95	-287.61	
1323/42	20	18	20	19	0	0	0.00	10.04	0	25	0	0.00	0.00	0.00	0.00	0.00	0.00	0	1	1	0	0	2	2	08/07/1996	0							125.47	84.95	-287.61	125.47	94.05	-283.36	
1323/42	20	19	20	20	0	0	0.00	4.06	338	10	0	0.00	0.00	0.00	0.00	0.00	0.00	0	1	1	0	0	2	2	08/07/1996	0	Fledermaushalle, P21						125.47	94.05	-283.36	123.98	97.76	-282.66	
1323/42	20	20	20	21	0	0	0.00	15.40	322	-60	0	0.00	0.00	0.00	0.00	0.00	0.00	0	1	1	0	0	2	2	08/07/1996	0							123.98	97.76	-282.66	119.24	103.83	-296.00	
1323/42	20	21	20	22	0	0	0.00	7.60	0	-90	0	0.00	0.00	0.00	0.00	0.00	0.00	0	1	1	0	0	2	2	08/09/1996	0							119.24	103.83	-296.00	119.24	103.83	-303.60	
1323/42	20	22	20	23	0	0	0.00	1.00	345	0	0	0.00	0.00	0.00	0.00	0.00	0.00	0	1	0	0	0	2	2	08/09/1996	0							119.24	103.83	-303.60	118.98	104.79	-303.60	
1323/42	20	23	20	24	0	0	0.00	6.31	258	-20	0	0.00	0.00	0.00	0.00	0.00	0.00	0	1	-1	0	0	2	2	08/09/1996	0							118.98	104.79	-303.60	113.18	103.56	-305.75	
1323/42	20	24	20	25	0	0	0.00	6.47	166	-48	0	0.00	0.00	0.00	0.00	0.00	0.00	0	1	-1	0	0	2	2	08/09/1996	0							113.18	103.56	-305.75	114.22	99.36	-310.56	
1323/42	20	25	20	26	0	0	0.00	3.19	30	24	0	0.00	0.00	0.00	0.00	0.00	0.00	0	1	1	0	0	2	2	08/09/1996	0	P15						114.22	99.36	-310.56	115.68	101.88	-309.26	
1323/42	20	26	20	27	0	0	0.00	14.75	0	-90	0	0.00	0.00	0.00	0.00	0.00	0.00	0	1	1	0	0	2	2	08/10/1997	0							115.68	101.88	-309.26	115.68	101.88	-324.01	
1323/42	20	27	20	28	0	0	0.00	1.85	10	0	0	0.00	0.00	0.00	0.00	0.00	0.00	0	1	1	0	0	2	2	08/10/1997	0	P10						115.68	101.88	-324.01	116.00	103.70	-324.01	
1323/42	20	28	20	29	0	0	0.00	9.60	0	-90	0	0.00	0.00	0.00	0.00	0.00	0.00	0	1	1	0	0	2	2	08/10/1997	0							116.00	103.70	-324.01	116.00	103.70	-333.61	
1323/42	20	29	20	30	0	0	0.00	7.96	75	0	0	0.00	0.00	0.00	0.00	0.00	0.00	0	1	1	0	0	2	2	08/10/1997	0	P32						116.00	103.70	-333.61	123.69	105.76	-333.61	
1323/42	20	30	20	31	0	0	0.00	3.98	10	-15	0	0.00	0.00	0.00	0.00	0.00	0.00	0	1	1	0	0	2	2	08/10/1997	0							123.69	105.76	-333.61	124.36	109.55	-334.64	
1323/42	20	31	20	32	0	0	0.00	24.70	0	-83	0	0.00	0.00	0.00	0.00	0.00	0.00	0	1	1	0	0	2	2	08/10/1997	0							124.36	109.55	-334.64	124.36	112.56	-359.16	
1323/42	20	32	20	33	0	0	0.00	5.92	0	-90	0	0.00	0.00	0.00	0.00	0.00	0.00	0	1	1	0	0	2	2	08/10/1997	0	E7						124.36	112.56	-359.16	124.36	112.56	-365.08	
1323/42	20	33	20	34	0	0	0.00	10.02	60	45	0	0.00	0.00	0.00	0.00	0.00	0.00	0	1	1	0	0	2	2	08/10/1997	0	P9						124.36	112.56	-365.08	130.49	116.10	-357.99	
1323/42	20	34	20	35	0	0	0.00	3.00	5	-43	0	0.00	0.00	0.00	0.00	0.00	0.00	0	1	1	0	0	2	2	08/10/1997	0							130.49	116.10	-357.99	130.69	118.29	-360.04	
1323/42	20	35	20	36	0	0	0.00	7.05	0	-90	0	0.00	0.00	0.00	0.00	0.00	0.00	0	1	1	0	0	2	2	08/10/1997	0							130.69	118.29	-360.04	130.69	118.29	-367.09	
1323/42	20	36	20	37	0	0	0.00	14.54	310	23	0	0.00	0.00	0.00	0.00	0.00	0.00	0	1	1	0	0	2	2	08/10/1997	0							130.69	118.29	-367.09	120.43	126.89	-361.41	
1323/42	20	37	20	38	0	0	0.00	3.06	242	-7	0	0.00	0.00	0.00	0.00	0.00	0.00	0	1	1	0	0	2	2	08/10/1997	0	China-Syndrom, P55						120.43	126.89	-361.41	117.75	125.47	-361.78	
1323/42	20	38	20	39	0	0	0.00	6.30	351	-24	0	0.00	0.00	0.00	0.00	0.00	0.00	0	1	1	0	0	2	2	08/10/1997	0							117.75	125.47	-361.78	116.85	131.15	-364.35	
1323/42	20	39	20	40	0	0	0.00	52.15	0	-90	0	0.00	0.00	0.00	0.00	0.00	0.00	0	1	1	0	0	2	2	08/10/1997	0							116.85	131.15	-364.35	116.85	131.15	-416.50	
1323/42	20	40	20	41	0	0	0.00	9.33	36	8	0	0.00	0.00	0.00	0.00	0.00	0.00	0	1	1	0	0	2	2	08/10/1997	0							116.85	131.15	-416.50	122.28	138.63	-415.20	
1323/42	20	41	20	42	0	0	0.00	7.27	331	6	0	0.00	0.00	0.00	0.00	0.00	0.00	0	1	1	0	0	2	2	08/13/1997	0							122.28	138.63	-415.20	118.78	144.95	-414.44	
1323/42	20	42	20	43	0	0	0.00	4.67	7	30	0	0.00	0.00	0.00	0.00	0.00	0.00	0	1	1	0	0	2	2	08/13/1997	0							118.78	144.95	-414.44	119.27	148.96	-412.10	
1323/42	20	43	20	44	0	0	0.00	2.39	60	4	0	0.00	0.00	0.00	0.00	0.00	0.00	0	1	1	0	0	2	2	08/13/1997	0							119.27	148.96	-412.10	121.33	150.15	-411.93	
1323/42	20	44	20	45	0	0	0.00	2.57	126	4	0	0.00	0.00	0.00	0.00	0.00	0.00	0	1	1	0	0	2	2	08/13/1997	0							121.33	150.15	-411.93	123.41	148.65	-411.76	
1323/42	20	45	20	46	0	0	0.00	3.52	126	-82	0	0.00	0.00	0.00	0.00	0.00	0.00	0	1	1	0	0	2	2	08/13/1997	0	Haifisch-Mäander						123.41	148.65	-411.76	123.80	148.36	-415.24	
1323/42	20	46	20	47	0	0	0.00	9.68	59	2	0	0.00	0.00	0.00	0.00	0.00	0.00	0	1	1	0	0	2	2	08/13/1997	0							123.80	148.36	-415.24	132.10	153.34	-414.90	
1323/42	20	47	20	48	0	0	0.00	3.50	45	-12	0	0.00	0.00	0.00	0.00	0.00	0.00	0	1	1	0	0	2	2	08/13/1997	0							132.10	153.34	-414.90	134.52	155.76	-415.63	
1323/42	20	48	20	49	0	0	0.00	1.15	75	-42	0	0.00	0.00	0.00	0.00	0.00	0.00	0	1	1	0	0	2	2	08/13/1997	0	P21						134.52	155.76	-415.63	135.34	155.98	-416.40	
1323/42	20	49	20	50	0	0	0.00	7.46	0	-90	0	0.00	0.00	0.00	0.00	0.00	0.00	0	1	1	0	0	2	2	08/13/1997	0							135.34	155.98	-416.40	135.34	155.98	-423.86	
1323/42	20	50	20	51	0	0	0.00	1.85	82	-20	0	0.00	0.00	0.00	0.00	0.00	0.00	0	1	1	0	0	2	2	08/13/1997	0							135.34	155.98	-423.86	137.06	156.23	-424.49	
1323/42	20	51	20	52	0	0	0.00	5.16	35	-53	0	0.00	0.00	0.00	0.00	0.00	0.00	0	1	1	0	0	2	2	08/13/1997	0							137.06	156.23	-424.49	138.85	158.77	-428.61	
1323/42	20	52	20	53	0	0	0.00	8.98	0	-90	0	0.00	0.00	0.00	0.00	0.00	0.00	0	1	1	0	0	2	2	08/13/1997	0	Terminal 1, Biwak 5						138.85	158.77	-428.61	138.85	158.77	-437.59	
1323/42	20	53	20	54	0	0	0.00	10.95	351	8	0	0.00	0.00	0.00	0.00	0.00	0.00	0	1	1	0	0	2	2	08/13/1997	0							138.85	158.77	-437.59	137.15	169.48	-436.07	
1323/42	20	54	20	55	0	0	0.00	4.28	282	5	0	0.00	0.00	0.00	0.00	0.00	0.00	0	1	1	0	0	2	2	08/13/1997	0							137.15	169.48	-436.07	132.98	170.37	-435.70	
1323/42	20	55	20	56	0	0	0.00	2.70	270	33	0	0.00	0.00	0.00	0.00	0.00	0.00	0	1	1	0	0	2	2	08/13/1997	0	P22						132.98	170.37	-435.70	130.71	170.37	-434.23	
1323/42	20	56	20	57	0	0	0.00	7.25	18	-64	0	0.00	0.00	0.00	0.00	0.00	0.00	0	1	1	0	0	2	2	08/13/1997	0							130.71	170.37	-434.23	131.70	173.39	-440.74	
1323/42	20	57	20	58	0	0	0.00	15.15	0	-90	0	0.00	0.00	0.00	0.00	0.00	0.00	0	1	1	0	0	2	2	08/13/1997	0	Dirk's End						131.70	173.39	-440.74	131.70	173.39	-455.89	
1323/42	20	58	20	59	0	0	0.00	5.65	292	0	0	0.00	0.00	0.00	0.00	0.00	0.00	0	1	1	0	0	2	2	08/13/1997	0	P25						131.70	173.39	-455.89	126.46	175.51	-455.89	
1323/42	20	59	20	60	0	0	0.00	24.85	0	-90	0	0.00	0.00	0.00	0.00	0.00	0.00	0	1	1	0	0	2	2	08/13/1997	0							126.46	175.51	-455.89	126.46	175.51	-480.74	
1323/42	20	60	20	61	0	0	0.00	14.75	275	17	0	0.00	0.00	0.00	0.00	0.00	0.00	0	1	1	0	0	2	2	08/13/1997	0							126.46	175.51	-480.74	112.41	176.74	-476.43	
1323/42	20	61	20	62	0	0	0.00	4.15	10	-31	0	0.00	0.00	0.00	0.00	0.00	0.00	0	1	1	0	0	2	2	08/13/1997	0	P39						112.41	176.74	-476.43	113.02	180.24	-478.57	
1323/42	20	62	20	63	0	0	0.00	30.30	0	200	0	0.00	0.00	0.00	0.00	0.00	0.00	0	2	1	0	0	2	2	08/10/1998	0							113.02	180.24	-478.57	113.02	180.24	-508.87	
1323/42	20	63	20	64	0	0	0.00	15.85	40	132	0	0.00	0.00	0.00	0.00	0.00	0.00	0	2	1	0	0	2	2	08/10/1998	0							113.02	180.24	-508.87	121.19	191.48	-516.50	
1323/42	20	64	20	65	0	0	0.00	5.16	377	129	0	0.00	0.00	0.00	0.00	0.00	0.00	0	2	1	0	0	2	2	08/10/1998	0							121.19	191.48	-516.50	119.55	195.81	-518.77	
1323/42	20	65	20	66	0	0	0.00	5.89	135	127	0	0.00	0.00	0.00	0.00	0.00	0.00	0	2	1	0	0	2	2	08/10/1998	0							119.55	195.81	-518.77	124.13	193.01	-521.20	
1323/42	20	66	20	67	0	0	0.00	4.79	10	136	0	0.00	0.00	0.00	0.00	0.00	0.00	0	2	1	0	0	2	2	08/10/1998	0							124.13	193.01	-521.20	124.76	197.00	-523.76	
1323/42	20	67	20	68	0	0	0.00	7.77	366	125	0	0.00	0.00	0.00	0.00	0.00	0.00	0	2	1	0	0	2	2	08/10/1998	0							124.76	197.00	-523.76	121.11	203.18	-526.74	
1323/42	20	68	20	69	0	0	0.00	1.17	0	200	0	0.00	0.00	0.00	0.00	0.00	0.00	0	2	1	0	0	2	2	08/10/1998	0							121.11	203.18	-526.74	121.11	203.18	-527.91	
1323/42	20	69	20	70	0	0	0.00	3.87	370	137	0	0.00	0.00	0.00	0.00	0.00	0.00	0	2	1	0	0	2	2	08/10/1998	0	Stolichnaja-Fluss						121.11	203.18	-527.91	119.64	206.06	-530.03	
1323/42	20	70	20	71	0	0	0.00	13.59	348	96	0	0.00	0.00	0.00	0.00	0.00	0.00	0	2	1	0	0	2	2	08/10/1998	0							119.64	206.06	-530.03	109.75	215.35	-529.18	
1323/42	20	71	20	72	0	0	0.00	2.10	390	114	0	0.00	0.00	0.00	0.00	0.00	0.00	0	2	1	0	0	2	2	08/10/1998	0							109.75	215.35	-529.18	109.43	217.37	-529.64	
1323/42	20	72	20	73	0	0	0.00	5.25	328	72	0	0.00	0.00	0.00	0.00	0.00	0.00	0	2	1	0	0	2	2	08/10/1998	0	P5						109.43	217.37	-529.64	105.13	219.39	-527.40	
1323/42	20	73	20	74	0	0	0.00	6.45	0	200	0	0.00	0.00	0.00	0.00	0.00	0.00	0	2	1	0	0	2	2	08/10/1998	0							105.13	219.39	-527.40	105.13	219.39	-533.85	
1323/42	20	74	20	75	0	0	0.00	3.19	335	56	0	0.00	0.00	0.00	0.00	0.00	0.00	0	2	1	0	0	2	2	08/10/1998	0	Lucky Blue Glove Cascades						105.13	219.39	-533.85	103.04	220.68	-531.82	
1323/42	20	75	20	76	0	0	0.00	3.37	0	200	0	0.00	0.00	0.00	0.00	0.00	0.00	0	2	1	0	0	2	2	08/10/1998	0							103.04	220.68	-531.82	103.04	220.68	-535.19	
1323/42	20	76	20	77	0	0	0.00	3.34	300	110	0	0.00	0.00	0.00	0.00	0.00	0.00	0	2	1	0	0	2	2	08/10/1998	0							103.04	220.68	-535.19	99.74	220.68	-535.71	
1323/42	20	77	20	78	0	0	0.00	1.02	5	98	0	0.00	0.00	0.00	0.00	0.00	0.00	0	2	1	0	0	2	2	08/11/1998	0	P8						99.74	220.68	-535.71	99.82	221.69	-535.68	
1323/42	20	78	20	79	0	0	0.00	8.40	0	200	0	0.00	0.00	0.00	0.00	0.00	0.00	0	2	1	0	0	2	2	08/11/1998	0							99.82	221.69	-535.68	99.82	221.69	-544.08	
1323/42	20	79	20	80	0	0	0.00	10.41	395	140	0	0.00	0.00	0.00	0.00	0.00	0.00	0	2	1	0	0	2	2	08/11/1998	0							99.82	221.69	-544.08	99.16	230.09	-550.20	
1323/42	20	80	20	81	0	0	0.00	3.61	247	100	0	0.00	0.00	0.00	0.00	0.00	0.00	0	2	1	0	0	2	2	08/11/1998	0	Drachenzahn, P28						99.16	230.09	-550.20	96.73	227.42	-550.20	
1323/42	20	81	20	82	0	0	0.00	28.17	0	200	0	0.00	0.00	0.00	0.00	0.00	0.00	0	2	1	0	0	2	2	08/11/1998	0							96.73	227.42	-550.20	96.73	227.42	-578.37	
1323/42	20	82	20	83	0	0	0.00	9.88	360	152	0	0.00	0.00	0.00	0.00	0.00	0.00	0	2	1	0	0	2	2	08/11/1998	0							96.73	227.42	-578.37	92.75	232.89	-585.57	
1323/42	20	83	20	84	0	0	0.00	6.82	263	131	0	0.00	0.00	0.00	0.00	0.00	0.00	0	2	1	0	0	2	2	08/11/1998	0							92.75	232.89	-585.57	87.71	229.58	-588.76	
1323/42	20	84	20	85	0	0	0.00	2.51	12	136	0	0.00	0.00	0.00	0.00	0.00	0.00	0	2	1	0	0	2	2	08/11/1998	0							87.71	229.58	-588.76	88.11	231.66	-590.11	
1323/42	20	85	20	86	0	0	0.00	5.32	341	114	0	0.00	0.00	0.00	0.00	0.00	0.00	0	2	1	0	0	2	2	08/11/1998	0							88.11	231.66	-590.11	83.96	234.78	-591.27	
1323/42	20	86	20	87	0	0	0.00	2.76	279	135	0	0.00	0.00	0.00	0.00	0.00	0.00	0	2	1	0	0	2	2	08/11/1998	0	Treppenhaus, P10						83.96	234.78	-591.27	81.73	234.02	-592.71	
1323/42	20	87	20	88	0	0	0.00	6.41	0	200	0	0.00	0.00	0.00	0.00	0.00	0.00	0	2	1	0	0	2	2	08/11/1998	0							81.73	234.02	-592.71	81.73	234.02	-599.12	
1323/42	20	88	20	89	0	0	0.00	8.64	310	135	0	0.00	0.00	0.00	0.00	0.00	0.00	0	2	1	0	0	2	2	08/13/1998	0	P9						81.73	234.02	-599.12	74.46	235.17	-603.63	
1323/42	20	89	20	90	0	0	0.00	12.17	345	155	0	0.00	0.00	0.00	0.00	0.00	0.00	0	2	1	0	0	2	2	08/13/1998	0	P8						74.46	235.17	-603.63	68.45	240.30	-612.89	
1323/42	20	90	20	91	0	0	0.00	8.90	360	164	0	0.00	0.00	0.00	0.00	0.00	0.00	0	2	1	0	0	2	2	08/13/1998	0							68.45	240.30	-612.89	65.64	244.16	-620.40	
1323/42	20	91	20	92	0	0	0.00	10.82	268	97	0	0.00	0.00	0.00	0.00	0.00	0.00	0	2	1	0	0	2	2	08/13/1998	0	P8						65.64	244.16	-620.40	56.17	238.95	-619.89	
1323/42	20	92	20	93	0	0	0.00	9.71	390	160	0	0.00	0.00	0.00	0.00	0.00	0.00	0	2	1	0	0	2	2	08/13/1998	0							56.17	238.95	-619.89	55.28	244.59	-627.75	
1323/42	20	93	20	94	0	0	0.00	2.61	75	103	0	0.00	0.00	0.00	0.00	0.00	0.00	0	2	1	0	0	2	2	08/13/1998	0							55.28	244.59	-627.75	57.69	245.59	-627.87	
1323/42	20	94	20	95	0	0	0.00	4.18	30	64	0	0.00	0.00	0.00	0.00	0.00	0.00	0	2	1	0	0	2	2	08/13/1998	0							57.69	245.59	-627.87	59.29	248.73	-625.63	
1323/42	20	95	20	96	0	0	0.00	10.35	58	94	0	0.00	0.00	0.00	0.00	0.00	0.00	0	2	1	0	0	2	2	08/13/1998	0							59.29	248.73	-625.63	67.43	255.05	-624.66	
1323/42	20	96	20	97	0	0	0.00	2.17	325	74	0	0.00	0.00	0.00	0.00	0.00	0.00	0	2	1	0	0	2	2	08/13/1998	0	R3						67.43	255.05	-624.66	65.59	255.81	-623.80	
1323/42	20	97	20	98	0	0	0.00	3.81	20	150	0	0.00	0.00	0.00	0.00	0.00	0.00	0	2	1	0	0	2	2	08/13/1998	0							65.59	255.81	-623.80	66.42	258.37	-626.49	
1323/42	20	98	20	99	0	0	0.00	6.45	50	78	0	0.00	0.00	0.00	0.00	0.00	0.00	0	2	1	0	0	2	2	08/23/1999	0							66.42	258.37	-626.49	70.72	262.66	-624.30	
1323/42	20	99	20	100	0	0	0.00	10.60	50	95	0	0.00	0.00	0.00	0.00	0.00	0.00	0	2	1	0	0	2	2	08/23/1999	0							70.72	262.66	-624.30	78.19	270.14	-623.47	
1323/42	20	100	20	101	0	0	0.00	2.47	345	105	0	0.00	0.00	0.00	0.00	0.00	0.00	0	2	1	0	0	2	2	08/23/1999	0	Geburtstagsmäander						78.19	270.14	-623.47	76.32	271.74	-623.67	
1323/42	20	101	20	102	0	0	0.00	4.95	40	162	0	0.00	0.00	0.00	0.00	0.00	0.00	0	2	1	0	0	2	2	08/23/1999	0							76.32	271.74	-623.67	77.95	273.99	-627.76	
1323/42	20	102	20	103	0	0	0.00	5.27	352	87	0	0.00	0.00	0.00	0.00	0.00	0.00	0	2	1	0	0	2	2	08/23/1999	0							77.95	273.99	-627.76	74.42	277.75	-626.69	
1323/42	20	103	20	104	0	0	0.00	1.36	33	88	0	0.00	0.00	0.00	0.00	0.00	0.00	0	2	1	0	0	2	2	08/23/1999	0							74.42	277.75	-626.69	75.08	278.91	-626.44	
1323/42	20	104	20	105	0	0	0.00	0.69	332	141	0	0.00	0.00	0.00	0.00	0.00	0.00	0	2	1	0	0	2	2	08/23/1999	0	P4						75.08	278.91	-626.44	74.60	279.18	-626.85	
1323/42	20	105	20	106	0	0	0.00	3.96	0	200	0	0.00	0.00	0.00	0.00	0.00	0.00	0	2	1	0	0	2	2	08/23/1999	0							74.60	279.18	-626.85	74.60	279.18	-630.81	
1323/42	20	106	20	107	0	0	0.00	8.29	308	70	0	0.00	0.00	0.00	0.00	0.00	0.00	0	2	1	0	0	2	2	08/23/1999	0							74.60	279.18	-630.81	67.27	280.10	-627.05	
1323/42	20	107	20	108	0	0	0.00	2.33	305	132	0	0.00	0.00	0.00	0.00	0.00	0.00	0	2	1	0	0	2	2	08/23/1999	0	R6						67.27	280.10	-627.05	65.23	280.26	-628.17	
1323/42	20	108	20	109	0	0	0.00	7.98	343	144	0	0.00	0.00	0.00	0.00	0.00	0.00	0	2	1	0	0	2	2	08/23/1999	0							65.23	280.26	-628.17	60.43	284.11	-633.26	
1323/42	20	109	20	110	0	0	0.00	4.90	340	66	0	0.00	0.00	0.00	0.00	0.00	0.00	0	2	1	0	0	2	2	08/23/1999	0							60.43	284.11	-633.26	57.02	286.58	-630.76	
1323/42	20	110	20	111	0	0	0.00	4.35	51	111	0	0.00	0.00	0.00	0.00	0.00	0.00	0	2	1	0	0	2	2	08/23/1999	0							57.02	286.58	-630.76	60.10	289.57	-631.51	
1323/42	20	111	20	112	0	0	0.00	5.53	71	101	0	0.00	0.00	0.00	0.00	0.00	0.00	0	2	1	0	0	2	2	08/23/1999	0							60.10	289.57	-631.51	65.06	292.00	-631.60	
1323/42	20	112	20	113	0	0	0.00	13.07	55	97	0	0.00	0.00	0.00	0.00	0.00	0.00	0	2	1	0	0	2	2	08/23/1999	0							65.06	292.00	-631.60	74.99	300.48	-630.98	
1323/42	20	113	20	114	0	0	0.00	8.89	54	100	0	0.00	0.00	0.00	0.00	0.00	0.00	0	2	1	0	0	2	2	08/23/1999	0							74.99	300.48	-630.98	81.66	306.36	-630.98	
1323/42	20	114	20	115	0	0	0.00	9.42	52	99	0	0.00	0.00	0.00	0.00	0.00	0.00	0	2	1	0	0	2	2	08/23/1999	0							81.66	306.36	-630.98	88.53	312.81	-630.83	
1323/42	20	115	20	116	0	0	0.00	3.14	345	100	0	0.00	0.00	0.00	0.00	0.00	0.00	0	2	1	0	0	2	2	08/23/1999	0							88.53	312.81	-630.83	86.14	314.84	-630.83	
1323/42	20	116	20	117	0	0	0.00	4.90	31	95	0	0.00	0.00	0.00	0.00	0.00	0.00	0	2	1	0	0	2	2	08/23/1999	0							86.14	314.84	-630.83	88.42	319.16	-630.45	
1323/42	20	117	20	118	0	0	0.00	3.52	8	115	0	0.00	0.00	0.00	0.00	0.00	0.00	0	2	1	0	0	2	2	08/23/1999	0	R5						88.42	319.16	-630.45	88.85	322.56	-631.27	
1323/42	20	118	20	119	0	0	0.00	6.71	358	153	0	0.00	0.00	0.00	0.00	0.00	0.00	0	2	1	0	0	2	2	08/23/1999	0							88.85	322.56	-631.27	86.09	326.13	-636.23	
1323/42	20	5	21	1	0	0	0.00	7.40	285	4	0	0.00	0.00	0.00	0.00	0.00	0.00	0	1	-1	0	0	2	2	08/07/1996	0							93.12	72.09	-253.60	85.99	74.01	-253.08	
1323/42	21	1	10	25	0	0	0.00	12.50	245	-69	0	0.00	0.00	0.00	0.00	0.00	0.00	0	1	-1	0	21	2	3	08/07/1996	0							85.99	74.01	-253.08	81.93	72.11	-264.75	
1323/42	20	6	22	1	0	0	0.00	10.47	219	-39	0	0.00	0.00	0.00	0.00	0.00	0.00	0	1	-1	0	0	2	2	08/07/1996	0							101.36	72.24	-252.29	96.24	65.91	-258.88	
1323/42	20	12	23	1	0	0	0.00	3.60	280	0	0	0.00	0.00	0.00	0.00	0.00	0.00	0	1	-1	0	0	2	2	08/07/1996	0							112.39	80.81	-268.23	108.84	81.44	-268.23	
1323/42	20	18	24	1	0	0	0.00	6.86	235	-8	0	0.00	0.00	0.00	0.00	0.00	0.00	0	1	-1	0	0	2	2	08/07/1996	0							125.47	84.95	-287.61	119.91	81.06	-288.56	
1323/42	20	23	40	1	0	0	0.00	3.58	110	26	0	0.00	0.00	0.00	0.00	0.00	0.00	0	1	1	0	0	2	2	08/09/1996	0							118.98	104.79	-303.60	122.00	103.69	-302.03	
1323/42	40	1	40	2	0	0	0.00	11.24	49	-6	0	0.00	0.00	0.00	0.00	0.00	0.00	0	1	1	0	0	2	2	08/09/1996	0	Biwak 3						122.00	103.69	-302.03	130.44	111.02	-303.20	
1323/42	40	2	40	3	0	0	0.00	9.93	70	-11	0	0.00	0.00	0.00	0.00	0.00	0.00	0	1	1	0	0	2	2	08/09/1996	0							130.44	111.02	-303.20	139.60	114.36	-305.10	
1323/42	40	1	41	1	0	0	0.00	8.39	109	-37	0	0.00	0.00	0.00	0.00	0.00	0.00	0	1	1	0	0	2	2	08/09/1996	0							122.00	103.69	-302.03	128.34	101.51	-307.08	
1323/42	20	25	42	1	0	0	0.00	11.80	212	-18	0	0.00	0.00	0.00	0.00	0.00	0.00	0	1	-1	0	0	2	2	08/09/1996	0							114.22	99.36	-310.56	108.28	89.84	-314.21	
1323/42	20	40	50	1	0	0	0.00	22.00	350	34	0	0.00	0.00	0.00	0.00	0.00	0.00	0	1	1	0	0	2	2	08/10/1997	0							116.85	131.15	-416.50	113.68	149.11	-404.19	
1323/42	20	40	51	1	0	0	0.00	12.09	83	3	0	0.00	0.00	0.00	0.00	0.00	0.00	0	1	-1	0	0	2	2	08/10/1997	0							116.85	131.15	-416.50	128.83	132.62	-415.86	
1323/42	20	45	52	1	0	0	0.00	10.00	0	-90	0	0.00	0.00	0.00	0.00	0.00	0.00	0	1	1	0	0	2	2	08/10/1997	0							123.41	148.65	-411.76	123.41	148.65	-421.76	
1323/42	20	51	53	1	0	0	0.00	8.93	212	-8	0	0.00	0.00	0.00	0.00	0.00	0.00	0	1	-1	0	0	2	2	08/10/1997	0							137.06	156.23	-424.49	132.38	148.73	-425.74	
1323/42	20	58	54	1	0	0	0.00	7.65	36	0	0	0.00	0.00	0.00	0.00	0.00	0.00	0	1	0	0	0	2	2	08/13/1997	0							131.70	173.39	-455.89	136.19	179.58	-455.89	
1323/42	20	60	55	1	0	0	0.00	11.75	348	14	0	0.00	0.00	0.00	0.00	0.00	0.00	0	1	0	0	0	2	2	08/13/1997	0							126.46	175.51	-480.74	124.09	186.66	-477.90	
1323/42	20	45	60	1	0	0	0.00	8.14	28	100	0	0.00	0.00	0.00	0.00	0.00	0.00	0	2	1	0	60	2	2	08/10/1998	0							123.41	148.65	-411.76	126.87	156.01	-411.76	
1323/42	60	1	60	2	0	0	0.00	10.72	30	94	0	0.00	0.00	0.00	0.00	0.00	0.00	0	2	1	0	60	2	2	08/10/1998	0							126.87	156.01	-411.76	131.72	165.52	-410.75	
1323/42	60	2	60	3	0	0	0.00	5.60	26	91	0	0.00	0.00	0.00	0.00	0.00	0.00	0	2	1	0	60	2	2	08/10/1998	0							131.72	165.52	-410.75	133.92	170.61	-409.96	
1323/42	60	3	60	4	0	0	0.00	3.91	317	51	0	0.00	0.00	0.00	0.00	0.00	0.00	0	2	1	0	60	2	2	08/10/1998	0							133.92	170.61	-409.96	131.21	171.35	-407.24	
1323/42	60	4	60	5	0	0	0.00	5.08	335	101	0	0.00	0.00	0.00	0.00	0.00	0.00	0	2	1	0	60	2	2	08/10/1998	0							131.21	171.35	-407.24	126.88	174.01	-407.32	
1323/42	60	5	60	6	0	0	0.00	1.41	35	150	0	0.00	0.00	0.00	0.00	0.00	0.00	0	2	1	0	60	2	2	08/10/1998	0	Terminal 2, P25						126.88	174.01	-407.32	127.40	174.86	-408.31	
1323/42	60	6	20	56	0	0	0.00	22.54	0	200	0	0.00	0.00	0.00	0.00	0.00	0.00	0	2	1	0	60	2	2	08/10/1998	0							127.40	174.86	-408.31	127.40	174.86	-430.85	
1323/42	20	55	61	1	0	0	0.00	30.20	0	0	0	0.00	0.00	0.00	0.00	0.00	0.00	0	2	1	0	0	2	2	08/10/1998	0							132.98	170.37	-435.70	132.98	170.37	-405.50	
1323/42	20	64	70	1	0	0	0.00	9.47	240	105	0	0.00	0.00	0.00	0.00	0.00	0.00	0	2	-1.5	0	0	2	2	08/10/1998	0							121.19	191.48	-516.50	115.64	183.84	-517.25	
1323/42	20	85	80	1	0	0	0.00	4.88	280	30	0	0.00	0.00	0.00	0.00	0.00	0.00	0	2	1	0	80	2	2	08/13/1998	0							88.11	231.66	-590.11	86.00	230.98	-585.76	
1323/42	80	1	80	2	0	0	0.00	5.29	320	100	0	0.00	0.00	0.00	0.00	0.00	0.00	0	2	1	0	80	2	2	08/13/1998	0	R4						86.00	230.98	-585.76	80.97	232.61	-585.76	
1323/42	80	2	80	3	0	0	0.00	4.90	275	181	0	0.00	0.00	0.00	0.00	0.00	0.00	0	2	1	0	80	2	2	08/13/1998	0							80.97	232.61	-585.76	79.64	232.06	-590.44	
1323/42	80	3	80	4	0	0	0.00	3.64	243	91	0	0.00	0.00	0.00	0.00	0.00	0.00	0	2	1	0	80	2	2	08/13/1998	0	P10						79.64	232.06	-590.44	77.39	229.25	-589.93	
1323/42	80	4	80	5	0	0	0.00	11.72	42	168	0	0.00	0.00	0.00	0.00	0.00	0.00	0	2	-0.7	0	80	2	2	08/13/1998	0							77.39	229.25	-589.93	80.85	233.71	-600.20	
1323/42	80	5	20	88	0	0	0.00	1.34	120	62	0	0.00	0.00	0.00	0.00	0.00	0.00	0	2	-1	0	80	2	2	08/13/1998	0							80.85	233.71	-600.20	81.90	233.37	-599.45	
1323/42	80	4	81	1	0	0	0.00	11.09	285	95	0	0.00	0.00	0.00	0.00	0.00	0.00	0	2	1	0	0	2	2	08/13/1998	0							77.39	229.25	-589.93	66.64	226.67	-589.06	
1323/42	20	107	90	1	0	0	0.00	7.06	348	68	0	0.00	0.00	0.00	0.00	0.00	0.00	0	2	1	0	0	2	2	08/23/1999	0							67.27	280.10	-627.05	62.76	284.34	-623.65	
1323/42	20	119	91	1	0	0	0.00	5.06	330	44	0	0.00	0.00	0.00	0.00	0.00	0.00	0	2	1	0	0	2	2	08/24/1999	0							86.09	326.13	-636.23	83.21	327.59	-632.34	
1323/42	91	1	91	2	0	0	0.00	8.13	290	50	0	0.00	0.00	0.00	0.00	0.00	0.00	0	2	1	0	0	2	2	08/24/1999	0	Versturzhalle						83.21	327.59	-632.34	77.53	326.69	-626.59	
1323/42	91	2	91	3	0	0	0.00	4.67	390	120	0	0.00	0.00	0.00	0.00	0.00	0.00	0	2	1	0	0	2	2	08/24/1999	0							77.53	326.69	-626.59	76.84	331.08	-628.03	
1323/42	91	3	91	4	0	0	0.00	5.01	85	85	0	0.00	0.00	0.00	0.00	0.00	0.00	0	2	1	0	0	2	2	08/24/1999	0							76.84	331.08	-628.03	81.58	332.21	-626.86	
1323/42	91	4	91	5	0	0	0.00	8.10	45	95	0	0.00	0.00	0.00	0.00	0.00	0.00	0	2	1	0	0	2	2	08/24/1999	0							81.58	332.21	-626.86	86.82	338.35	-626.22	
1323/42	91	5	91	6	0	0	0.00	5.55	50	104	0	0.00	0.00	0.00	0.00	0.00	0.00	0	2	1	0	0	2	2	08/24/1999	0	Schluf der Mutlosen						86.82	338.35	-626.22	90.74	342.27	-626.57	
1323/42	91	5	92	1	0	0	0.00	2.66	100	90	0	0.00	0.00	0.00	0.00	0.00	0.00	0	2	1	0	0	2	2	08/24/1999	0							86.82	338.35	-626.22	89.45	338.35	-625.81	
1323/42	10	16	95	1	0	0	0.00	5.31	270	14	0	0.00	0.00	0.00	0.00	0.00	0.00	0	1	-1	0	0	2	2	08/26/1999	0							80.09	60.55	-222.50	74.94	60.55	-221.21	
1323/42	95	1	95	2	0	0	0.00	9.12	277	-14	0	0.00	0.00	0.00	0.00	0.00	0.00	0	1	-1	0	0	2	2	08/26/1999	0							74.94	60.55	-221.21	66.16	61.63	-223.42	
1323/42	95	2	95	3	0	0	0.00	3.15	274	-34	0	0.00	0.00	0.00	0.00	0.00	0.00	0	1	-1	0	0	2	2	08/26/1999	0							66.16	61.63	-223.42	63.55	61.81	-225.18	
1323/42	95	3	95	4	0	0	0.00	2.40	285	5	0	0.00	0.00	0.00	0.00	0.00	0.00	0	1	-1	0	0	2	2	08/26/1999	0	Missing Link, P15						63.55	61.81	-225.18	61.24	62.43	-224.97	
1323/42	95	4	95	5	0	0	0.00	15.00	268	-67	0	1.00	4.00	6.00	4.00	0.00	0.00	0	3	-1	0	95	2	2	08/23/2002	0							61.24	62.43	-224.97	55.39	62.37	-238.76	
1323/42	95	5	95	6	0	0	0.00	5.16	256	4	0	0.00	5.00	20.00	1.50	0.00	0.00	0	3	-1	0	95	2	2	08/23/2002	0	P53						55.39	62.37	-238.76	50.38	61.26	-238.40	
1323/42	95	6	95	7	0	0	0.00	7.84	263	-50	0	0.00	5.00	20.00	1.50	0.00	0.00	0	3	-1	0	95	2	2	08/23/2002	0							50.38	61.26	-238.40	45.38	60.77	-244.40	
1323/42	95	7	95	9	0	0	0.00	3.60	250	-62	0	0.00	8.00	8.00	2.00	0.00	0.00	0	3	-1	0	95	2	2	08/23/2002	0							45.38	60.77	-244.40	43.78	60.23	-247.57	
1323/42	95	9	95	10	0	0	0.00	3.93	305	-70	0	8.00	6.00	8.00	0.00	0.00	0.00	0	3	-1	0	95	2	2	08/23/2002	0							43.78	60.23	-247.57	42.70	61.03	-251.26	
1323/42	95	10	95	11	0	0	0.00	35.80	0	-90	0	0.00	0.00	0.00	0.00	0.00	0.00	0	3	-1	0	95	2	2	08/23/2002	0							42.70	61.03	-251.26	42.70	61.03	-287.06	
1323/42	95	11	1	30	0	0	0.00	5.00	240	0	0	0.00	0.00	0.00	0.00	0.00	0.00	0	3	-1	0	95	2	2	08/23/2002	0							42.70	61.03	-287.06	38.32	58.65	-287.06	
1323/42	95	5	96	1	0	0	0.00	3.68	345	0	0	5.00	1.00	15.00	1.00	0.00	0.00	0	3	0	0	0	2	2	08/23/2002	0							55.39	62.37	-238.76	54.53	65.94	-238.76	
1323/42	96	1	96	2	0	0	0.00	6.77	90	-19	0	0.75	0.75	3.00	1.00	0.00	0.00	0	3	0.5	0	0	2	2	08/23/2002	0							54.53	65.94	-238.76	60.91	65.78	-240.96	
1323/42	96	2	96	3	0	0	0.00	17.00	64	-42	0	2.50	2.50	1.00	2.00	0.00	0.00	0	3	0.5	0	0	2	2	08/23/2002	0							60.91	65.78	-240.96	72.37	71.01	-252.31	
1323/42	20	119	100	1	0	0	0.00	5.68	328	138	0	0.00	0.00	0.00	0.00	0.00	0.00	0	2	1	0	0	2	2	08/25/1999	0							86.09	326.13	-636.23	81.84	328.13	-639.43	
1323/42	100	1	100	2	0	0	0.00	1.18	190	84	0	0.00	0.00	0.00	0.00	0.00	0.00	0	2	1	0	0	2	2	08/25/1999	0							81.84	328.13	-639.43	82.01	327.00	-639.13	
1323/42	100	2	100	3	0	0	0.00	9.90	384	87	0	0.00	0.00	0.00	0.00	0.00	0.00	0	2	1	0	0	2	2	08/25/1999	0							82.01	327.00	-639.13	79.60	336.39	-637.13	
1323/42	100	3	100	4	0	0	0.00	4.55	10	127	0	0.00	0.00	0.00	0.00	0.00	0.00	0	2	1	0	0	2	2	08/25/1999	0							79.60	336.39	-637.13	80.25	340.48	-639.00	
1323/42	100	4	100	5	0	0	0.00	6.45	35	122	0	0.00	0.00	0.00	0.00	0.00	0.00	0	2	1	0	0	2	2	08/25/1999	0							80.25	340.48	-639.00	83.42	345.66	-641.18	
1323/42	100	5	100	6	0	0	0.00	2.74	66	90	0	0.00	0.00	0.00	0.00	0.00	0.00	0	2	1	0	0	2	2	08/25/1999	0							83.42	345.66	-641.18	85.75	347.03	-640.75	
1323/42	100	6	100	7	0	0	0.00	2.78	53	66	0	0.00	0.00	0.00	0.00	0.00	0.00	0	2	1	0	0	2	2	08/25/1999	0							85.75	347.03	-640.75	87.52	348.64	-639.34	
1323/42	100	7	100	8	0	0	0.00	5.00	62	108	0	0.00	0.00	0.00	0.00	0.00	0.00	0	2	1	0	0	2	2	08/25/1999	0							87.52	348.64	-639.34	91.62	351.43	-639.97	
1323/42	100	8	100	9	0	0	0.00	6.58	95	91	0	0.00	0.00	0.00	0.00	0.00	0.00	0	2	1	0	0	2	2	08/25/1999	0							91.62	351.43	-639.97	98.12	351.94	-639.04	
1323/42	100	9	100	10	0	0	0.00	5.40	76	102	0	0.00	0.00	0.00	0.00	0.00	0.00	0	2	1	0	0	2	2	08/25/1999	0	P13						98.12	351.94	-639.04	103.14	353.93	-639.21	
1323/42	100	10	100	11	0	0	0.00	2.22	107	140	0	0.00	0.00	0.00	0.00	0.00	0.00	0	2	1	0	0	2	2	08/25/1999	0							103.14	353.93	-639.21	104.92	353.73	-640.51	
1323/42	100	11	100	12	0	0	0.00	11.76	0	200	0	0.00	0.00	0.00	0.00	0.00	0.00	0	2	1	0	0	2	2	08/25/1999	0							104.92	353.73	-640.51	104.92	353.73	-652.27	
1323/42	100	12	100	13	0	0	0.00	7.58	68	71	0	0.00	0.00	0.00	0.00	0.00	0.00	0	2	1	0	0	2	2	08/25/1999	0							104.92	353.73	-652.27	110.89	357.01	-648.94	
1323/42	100	13	100	14	0	0	0.00	10.92	92	160	0	0.00	0.00	0.00	0.00	0.00	0.00	0	2	1	0	0	2	2	08/25/1999	0							110.89	357.01	-648.94	117.26	357.82	-657.77	
1323/42	100	14	100	15	0	0	0.00	3.36	138	89	0	0.00	0.00	0.00	0.00	0.00	0.00	0	2	1	0	0	2	2	08/25/1999	0							117.26	357.82	-657.77	119.99	355.96	-657.20	
1323/42	100	15	100	16	0	0	0.00	2.81	69	80	0	0.00	0.00	0.00	0.00	0.00	0.00	0	2	1	0	0	2	2	08/25/1999	0	P16						119.99	355.96	-657.20	122.36	357.21	-656.33	
1323/42	100	16	100	17	0	0	0.00	15.85	0	200	0	0.00	0.00	0.00	0.00	0.00	0.00	0	2	1	0	0	2	2	08/25/1999	0							122.36	357.21	-656.33	122.36	357.21	-672.18	
1323/42	100	17	100	18	0	0	0.00	6.56	125	93	0	0.00	0.00	0.00	0.00	0.00	0.00	0	2	1	0	0	2	2	08/25/1999	0							122.36	357.21	-672.18	128.38	354.71	-671.46	
1323/42	100	18	100	19	0	0	0.00	14.38	60	105	0	0.00	0.00	0.00	0.00	0.00	0.00	0	2	1	0	0	2	2	08/25/1999	0							128.38	354.71	-671.46	139.98	363.14	-672.59	
1323/42	100	19	100	20	0	0	0.00	15.82	40	102	0	0.00	0.00	0.00	0.00	0.00	0.00	0	2	1	0	0	2	2	08/25/1999	0							139.98	363.14	-672.59	149.27	375.93	-673.08	
1323/42	100	20	100	21	0	0	0.00	2.92	320	104	0	0.00	0.00	0.00	0.00	0.00	0.00	0	2	1	0	0	2	2	08/25/1999	0							149.27	375.93	-673.08	146.50	376.83	-673.27	
1323/42	100	21	100	22	0	0	0.00	2.50	260	111	0	0.00	0.00	0.00	0.00	0.00	0.00	0	2	1	0	0	2	2	08/25/1999	0	P26						146.50	376.83	-673.27	144.51	375.38	-673.70	
1323/42	100	22	100	23	0	0	0.00	6.16	330	170	0	0.00	0.00	0.00	0.00	0.00	0.00	0	2	1	0	0	2	2	08/25/1999	0							144.51	375.38	-673.70	142.02	376.65	-679.18	
1323/42	100	23	100	24	0	0	0.00	15.69	346	180	0	0.00	0.00	0.00	0.00	0.00	0.00	0	2	1	0	0	2	2	08/25/1999	0							142.02	376.65	-679.18	138.38	379.86	-694.11	
1323/42	100	24	100	25	0	0	0.00	6.07	0	200	0	0.00	0.00	0.00	0.00	0.00	0.00	0	2	1	0	0	2	2	08/25/1999	0							138.38	379.86	-694.11	138.38	379.86	-700.18	
1323/42	100	25	100	26	0	0	0.00	7.07	18	108	0	0.00	0.00	0.00	0.00	0.00	0.00	0	2	1	0	0	2	2	08/21/2000	0							138.38	379.86	-700.18	140.34	386.60	-701.06	
1323/42	100	26	100	27	0	0	0.00	11.89	21	92	0	0.00	0.00	0.00	0.00	0.00	0.00	0	2	1	0	0	2	2	08/21/2000	0							140.34	386.60	-701.06	144.16	397.76	-699.57	
1323/42	100	27	100	28	0	0	0.00	6.73	26	95	0	0.00	0.00	0.00	0.00	0.00	0.00	0	2	1	0	0	2	2	08/21/2000	0							144.16	397.76	-699.57	146.82	403.91	-699.04	
1323/42	100	28	100	29	0	0	0.00	6.08	8	122	0	0.00	0.00	0.00	0.00	0.00	0.00	0	2	1	0	0	2	2	08/21/2000	0	Eroberung des Nutzlosen						146.82	403.91	-699.04	147.54	409.59	-701.10	
1323/42	100	29	100	30	0	0	0.00	7.39	3	153	0	0.00	0.00	0.00	0.00	0.00	0.00	0	2	1	0	0	2	2	08/21/2000	0							147.54	409.59	-701.10	147.77	414.56	-706.57	
1323/42	100	30	100	31	0	0	0.00	1.92	26	61	0	0.00	0.00	0.00	0.00	0.00	0.00	0	2	1	0	0	2	2	08/21/2000	0							147.77	414.56	-706.57	148.40	416.00	-705.47	
1323/42	100	31	100	32	0	0	0.00	2.05	20	105	0	0.00	0.00	0.00	0.00	0.00	0.00	0	2	1	0	0	2	2	08/21/2000	0							148.40	416.00	-705.47	149.03	417.94	-705.63	
1323/42	100	32	100	33	0	0	0.00	5.13	15	120	0	0.00	0.00	0.00	0.00	0.00	0.00	0	2	1	0	0	2	2	08/21/2000	0							149.03	417.94	-705.63	150.17	422.69	-707.21	
1323/42	100	33	100	34	0	0	0.00	2.05	380	118	0	0.00	0.00	0.00	0.00	0.00	0.00	0	2	1	0	0	2	2	08/21/2000	0							150.17	422.69	-707.21	149.56	424.56	-707.78	
1323/42	91	3	101	1	0	0	0.00	9.39	232	61	0	0.00	0.00	0.00	0.00	0.00	0.00	0	2	-1	0	0	9	2	08/22/2000	0							76.84	331.08	-628.03	73.14	324.35	-622.63	
1323/42	101	1	101	2	0	0	0.00	7.87	268	89	0	0.00	0.00	0.00	0.00	0.00	0.00	0	2	-0.5	0	0	9	2	08/22/2000	0							73.14	324.35	-622.63	66.34	320.61	-621.28	
1323/42	101	2	101	3	0	0	0.00	6.43	255	85	0	0.00	0.00	0.00	0.00	0.00	0.00	0	2	-0.5	0	0	9	2	08/22/2000	0							66.34	320.61	-621.28	61.59	316.55	-619.78	
1323/42	101	1	102	1	0	0	0.00	9.05	220	58	0	0.00	0.00	0.00	0.00	0.00	0.00	0	2	-1	0	0	9	2	08/22/2000	0							73.14	324.35	-622.63	70.93	317.54	-617.08	
1323/42	102	1	102	2	0	0	0.00	15.58	224	59	0	0.00	0.00	0.00	0.00	0.00	0.00	0	2	-1	0	0	9	2	08/22/2000	0							70.93	317.54	-617.08	66.34	305.96	-607.73	
1323/42	102	2	102	3	0	0	0.00	2.50	108	32	0	0.00	0.00	0.00	0.00	0.00	0.00	0	2	-1	0	0	9	2	08/22/2000	0							66.34	305.96	-607.73	67.54	305.81	-605.54	
1323/42	102	3	102	4	0	0	0.00	8.36	264	92	0	0.00	0.00	0.00	0.00	0.00	0.00	0	2	-1	0	0	9	2	08/22/2000	0							67.54	305.81	-605.54	60.53	301.36	-604.49	
1323/42	102	3	103	1	0	0	0.00	5.06	259	90	0	0.00	0.00	0.00	0.00	0.00	0.00	0	2	-1	0	0	9	2	08/22/2000	0							67.54	305.81	-605.54	63.54	302.81	-604.75	
1323/42	103	1	103	2	0	0	0.00	4.68	286	67	0	0.00	0.00	0.00	0.00	0.00	0.00	0	2	-1	0	0	9	9	08/22/2000	0							63.54	302.81	-604.75	59.57	301.92	-602.43	
1323/42	103	2	103	3	0	0	0.00	6.01	101	65	0	0.00	0.00	0.00	0.00	0.00	0.00	0	2	1	0	0	9	9	08/22/2000	0							59.57	301.92	-602.43	64.70	301.84	-599.29	
1323/42	103	3	103	4	0	0	0.00	6.78	48	83	0	0.00	0.00	0.00	0.00	0.00	0.00	0	2	1	0	0	9	4	08/22/2000	0							64.70	301.84	-599.29	69.17	306.61	-597.50	
1323/42	103	4	103	5	0	0	0.00	5.81	67	85	0	2.00	2.00	2.50	1.00	0.00	0.00	0	2	1	0	0	9	8	08/22/2000	0							69.17	306.61	-597.50	74.08	309.41	-596.14	
1323/42	103	5	103	6	0	0	0.00	28.86	238	71	0	0.00	2.50	2.00	1.00	0.00	0.00	0	2	-1	0	0	3	8	08/22/2000	0	Biwak 5						74.08	309.41	-596.14	59.51	287.97	-583.45	
1323/42	103	6	103	7	0	0	0.00	5.02	293	62	0	3.00	2.00	5.00	1.00	0.00	0.00	0	2	-1	0	0	3	8	08/22/2000	0							59.51	287.97	-583.45	55.39	287.52	-580.62	
1323/42	103	7	103	8	0	0	0.00	9.81	276	63	0	1.00	2.00	4.00	0.00	0.00	0.00	0	2	-1	0	0	3	5	08/22/2000	0	Garten für die Harten						55.39	287.52	-580.62	47.76	284.50	-575.24	
1323/42	103	8	103	9	0	0	0.00	9.03	320	150	0	0.50	0.50	1.00	0.50	0.00	0.00	0	2	-1	0	0	3	5	08/23/2000	0							47.76	284.50	-575.24	41.69	286.47	-581.62	
1323/42	103	9	103	10	0	0	0.00	5.08	245	85	0	1.00	0.50	2.00	1.00	0.00	0.00	0	2	-1	0	0	3	5	08/23/2000	0							41.69	286.47	-581.62	38.48	282.71	-580.44	
1323/42	103	10	103	11	0	0	0.00	16.17	255	62	0	2.00	0.00	1.00	3.00	0.00	0.00	0	2	-1	0	0	3	5	08/23/2000	0							38.48	282.71	-580.44	28.31	274.03	-571.35	
1323/42	103	11	103	12	0	0	0.00	7.26	245	60	0	2.00	1.00	4.00	1.00	0.00	0.00	0	2	-1	0	0	3	5	08/23/2000	0	Quergang						28.31	274.03	-571.35	24.50	269.56	-567.08	
1323/42	103	12	103	13	0	0	0.00	7.11	290	103	0	2.00	2.00	1.00	3.00	0.00	0.00	0	2	-1	0	0	3	5	08/23/2000	0							24.50	269.56	-567.08	17.48	268.45	-567.42	
1323/42	103	13	103	14	0	0	0.00	5.21	395	113	0	2.00	0.00	1.00	3.00	0.00	0.00	0	2	-1	0	0	7	6	08/23/2000	0	Velky Nic Moc Diry, P28						17.48	268.45	-567.42	17.08	273.54	-568.47	
1323/42	103	14	103	15	0	0	0.00	28.04	0	200	0	4.00	0.00	2.50	1.00	0.00	0.00	0	2	-1	0	0	7	6	08/23/2000	0							17.08	273.54	-568.47	17.08	273.54	-596.51	
1323/42	103	15	103	16	0	0	0.00	9.29	305	134	0	0.00	0.00	0.00	0.00	0.00	0.00	0	2	-1	0	0	7	6	08/23/2000	0							17.08	273.54	-596.51	9.11	274.17	-601.24	
1323/42	103	16	103	17	0	0	0.00	11.69	80	65	0	0.00	0.00	0.00	0.00	0.00	0.00	0	2	1	0	0	7	6	08/23/2000	0	P15						9.11	274.17	-601.24	18.59	277.25	-595.13	
1323/42	103	17	103	18	0	0	0.00	15.51	0	200	0	2.00	0.00	2.00	1.00	0.00	0.00	0	2	1	0	0	7	6	08/23/2000	0							18.59	277.25	-595.13	18.59	277.25	-610.64	
1323/42	103	18	103	19	0	0	0.00	9.97	360	119	0	0.00	2.00	3.00	2.00	0.00	0.00	0	2	1	0	0	7	6	08/22/2001	0							18.59	277.25	-610.64	12.99	284.95	-613.58	
1323/42	103	19	103	20	0	0	0.00	5.40	385	73	0	0.00	0.50	1.00	3.00	0.00	0.00	0	2	1	0	0	7	6	08/22/2001	0							12.99	284.95	-613.58	11.84	289.74	-611.35	
1323/42	103	20	103	21	0	0	0.00	3.94	374	125	0	2.00	6.00	0.50	0.00	0.00	0.00	0	2	1	0	0	7	6	08/22/2001	0							11.84	289.74	-611.35	10.40	293.08	-612.86	
1323/42	103	21	103	22	0	0	0.00	3.62	0	200	0	0.00	0.00	0.00	0.00	0.00	0.00	0	2	1	0	0	7	6	08/22/2001	0							10.40	293.08	-612.86	10.40	293.08	-616.48	
1323/42	103	22	103	23	0	0	0.00	0.65	35	100	0	0.00	0.40	1.00	0.20	0.00	0.00	0	2	1	0	0	7	6	08/22/2001	0							10.40	293.08	-616.48	10.73	293.64	-616.48	
1323/42	103	23	103	24	0	0	0.00	5.28	385	140	0	0.00	0.00	0.00	0.00	0.00	0.00	0	2	1	0	0	7	6	08/22/2001	0							10.73	293.64	-616.48	9.74	297.79	-619.58	
1323/42	103	24	103	25	0	0	0.00	3.06	355	115	0	0.00	1.00	2.00	0.50	0.00	0.00	0	2	1	0	0	7	6	08/22/2001	0	Maly Nic Moc Diry						9.74	297.79	-619.58	7.81	300.05	-620.30	
1323/42	103	25	103	26	0	0	0.00	3.24	5	85	0	0.50	0.50	1.00	1.50	0.00	0.00	0	2	1	0	0	7	6	08/22/2001	0							7.81	300.05	-620.30	8.05	303.19	-619.54	
1323/42	103	26	103	27	0	0	0.00	5.83	60	105	0	0.00	0.50	0.00	1.50	0.00	0.00	0	2	1	0	0	7	6	08/22/2001	0							8.05	303.19	-619.54	12.75	306.61	-620.00	
1323/42	103	4	104	1	0	0	0.00	10.87	272	104	0	0.00	0.00	0.00	0.00	0.00	0.00	0	2	-1	0	0	9	4	08/22/2000	0							69.17	306.61	-597.50	59.36	301.99	-598.18	
1323/42	104	1	104	2	0	0	0.00	9.58	275	98	0	0.00	0.00	0.00	0.00	0.00	0.00	0	2	-0.5	0	0	9	4	08/22/2000	0							59.36	301.99	-598.18	50.51	298.32	-597.88	
1323/42	104	2	104	3	0	0	0.00	4.25	260	140	0	0.00	1.50	2.00	6.00	0.00	0.00	0	4	-0.5	0	104	9	4	08/20/2002	0							50.51	298.32	-597.88	47.69	296.38	-600.37	
1323/42	104	3	104	4	0	0	0.00	3.44	120	110	0	0.00	0.00	0.00	0.00	0.00	0.00	0	4	-0.5	0	104	9	4	08/20/2002	0							47.69	296.38	-600.37	50.88	295.25	-600.91	
1323/42	103	2	106	1	0	0	0.00	11.66	250	95	0	1.00	3.00	0.00	2.00	0.00	0.00	0	2	-1	0	-106	9	4	08/21/2001	0							59.57	301.92	-602.43	51.35	293.70	-601.51	
1323/42	106	1	106	2	0	0	0.00	6.58	155	71	0	0.00	0.00	0.00	0.00	0.00	0.00	0	2	0	0	-106	9	4	08/21/2001	0							51.35	293.70	-601.51	55.19	289.21	-598.62	
1323/42	106	1	107	1	0	0	0.00	12.74	222	153	0	1.50	2.00	4.00	1.50	0.00	0.00	0	2	-1	0	0	9	4	08/21/2001	0							51.35	293.70	-601.51	48.45	285.63	-610.94	
1323/42	107	1	107	2	0	0	0.00	5.14	110	112	0	1.50	0.50	10.00	1.50	0.00	0.00	0	2	1	0	0	9	4	08/21/2001	0							48.45	285.63	-610.94	53.44	284.84	-611.90	
1323/42	107	2	107	3	0	0	0.00	4.78	395	128	0	1.50	0.00	0.50	0.20	0.00	0.00	0	2	1	0	0	9	4	08/21/2001	0							53.44	284.84	-611.90	53.10	289.16	-613.93	
1323/42	103	20	108	1	0	0	0.00	4.05	370	110	0	2.00	0.00	5.00	0.50	0.00	0.00	0	2	1	0	0	7	6	08/22/2001	0							11.84	289.74	-611.35	10.02	293.30	-611.99	
1323/42	108	1	108	2	0	0	0.00	4.33	348	96	0	0.00	4.00	0.00	1.00	0.00	0.00	0	2	1	0	0	7	6	08/22/2001	0							10.02	293.30	-611.99	6.87	296.26	-611.71	
1323/42	108	2	108	3	0	0	0.00	10.81	65	109	0	0.20	0.20	0.30	0.20	0.00	0.00	0	2	1	0	0	7	6	08/22/2001	0							6.87	296.26	-611.71	16.00	301.85	-613.24	
1323/42	103	15	109	1	0	0	0.00	11.19	280	92	0	0.50	3.00	0.00	1.00	0.00	0.00	0	2	-1	0	0	7	6	08/22/2001	0							17.08	273.54	-596.51	6.52	270.11	-595.11	
1323/42	109	1	109	2	0	0	0.00	9.12	240	151	0	3.00	1.50	0.00	1.00	0.00	0.00	0	2	-1	0	0	7	6	08/22/2001	0							6.52	270.11	-595.11	2.79	264.97	-601.66	
1323/42	109	2	109	3	0	0	0.00	8.54	210	139	0	1.00	2.00	0.00	0.00	0.00	0.00	0	2	-1	0	0	7	6	08/22/2001	0							2.79	264.97	-601.66	1.70	258.07	-606.57	
1323/42	109	3	109	4	0	0	0.00	7.32	9	138	0	0.00	0.40	0.00	0.20	0.00	0.00	0	2	1	0	0	7	6	08/22/2001	0							1.70	258.07	-606.57	2.55	264.07	-610.68	
1323/42	103	6	110	1	0	0	0.00	2.88	332	101	0	3.00	1.00	2.00	0.00	0.00	0.00	0	2	-1	0	106	9	8	08/21/2001	0	Festnetztelefonierer, P13						59.51	287.97	-583.45	56.99	289.36	-583.49	
1323/42	110	1	110	2	0	0	0.00	12.42	270	200	0	0.00	0.00	0.00	0.00	0.00	0.00	0	2	-1	0	106	9	7	08/21/2001	0							56.99	289.36	-583.49	56.99	289.36	-595.91	
1323/42	110	2	106	2	0	0	0.00	0.00	0	0	0	0.00	0.00	0.00	0.00	0.00	0.00	0	2	-1	0	106	4	7	08/21/2001	0							56.99	289.36	-595.91	56.99	289.36	-595.91	
1323/42	104	4	106	1	0	0	0.00	0.00	0	0	0	0.00	0.00	0.00	0.00	0.00	0.00	0	4	0	0	104	4	4	08/20/2002	0							51.35	293.70	-601.51	51.35	293.70	-601.51	
1323/42	104	4	104	5	0	0	0.00	7.08	45	115	0	0.00	2.50	2.00	4.00	0.00	0.00	0	4	0.5	0	0	9	4	08/20/2002	0							51.35	293.70	-601.51	55.94	298.81	-603.16	
1323/42	104	5	104	6	0	0	0.00	5.57	45	200	0	0.00	0.00	0.00	0.00	0.00	0.00	0	4	0.5	0	0	9	4	08/20/2002	0							55.94	298.81	-603.16	55.94	298.81	-608.73	
1323/42	110	2	110	3	0	0	0.00	3.33	116	51	0	0.20	5.00	10.00	0.00	0.00	0.00	0	2	-1	0	110	9	7	08/21/2001	0							56.99	289.36	-595.91	59.31	288.76	-593.59	
1323/42	110	3	110	4	0	0	0.00	4.50	171	76	0	0.50	0.00	3.00	2.00	0.00	0.00	0	2	-1	0	110	9	7	08/21/2001	0							59.31	288.76	-593.59	61.15	285.01	-591.94	
1323/42	110	4	110	5	0	0	0.00	6.20	138	107	0	0.00	0.50	3.00	0.00	0.00	0.00	0	2	-2	0	110	9	7	08/21/2001	0							61.15	285.01	-591.94	66.24	281.54	-592.62	
1323/42	110	5	110	6	0	0	0.00	5.17	138	200	0	2.00	1.00	0.00	0.00	0.00	0.00	0	2	-1	0	110	9	7	08/21/2001	0							66.24	281.54	-592.62	66.24	281.54	-597.79	
1323/42	110	6	110	7	0	0	0.00	1.34	15	102	0	2.00	0.00	3.00	0.50	0.00	0.00	0	2	-1	0	110	9	7	08/21/2001	0							66.24	281.54	-597.79	66.56	282.85	-597.83	
1323/42	110	7	110	8	0	0	0.00	5.46	360	136	0	0.10	0.50	2.00	2.00	0.00	0.00	0	2	-1	0	110	9	7	08/21/2001	0							66.56	282.85	-597.83	63.85	286.58	-600.75	
1323/42	110	8	110	9	0	0	0.00	2.06	367	98	0	0.50	0.00	0.00	0.00	0.00	0.00	0	2	-1	0	110	9	7	08/21/2001	0	P23						63.85	286.58	-600.75	62.83	288.36	-600.69	
1323/42	110	9	110	10	0	0	0.00	4.69	60	200	0	0.00	0.00	0.00	0.00	0.00	0.00	0	2	-1	0	110	9	7	08/21/2001	0							62.83	288.36	-600.69	62.83	288.36	-605.38	
1323/42	110	10	110	11	0	0	0.00	1.02	59	56	0	0.20	0.20	0.00	0.00	0.00	0.00	0	2	-1	0	110	9	7	08/21/2001	0							62.83	288.36	-605.38	63.46	288.84	-604.73	
1323/42	110	11	110	12	0	0	0.00	3.27	188	129	0	0.50	0.00	1.00	0.00	0.00	0.00	0	2	-1	0	110	9	7	08/21/2001	0							63.46	288.84	-604.73	64.01	285.95	-606.17	
1323/42	110	12	110	13	0	0	0.00	2.30	164	100	0	0.00	0.50	3.00	0.00	0.00	0.00	0	2	-2	0	110	9	7	08/21/2001	0							64.01	285.95	-606.17	65.24	284.01	-606.17	
1323/42	110	13	110	14	0	0	0.00	15.53	73	200	0	0.00	0.00	0.00	0.00	0.00	0.00	0	2	1	0	110	9	7	08/21/2001	0							65.24	284.01	-606.17	65.24	284.01	-621.70	
1323/42	110	14	20	107	0	0	0.00	1.70	60	73	0	0.00	0.00	0.00	0.00	0.00	0.00	0	2	1	0	110	9	7	08/21/2001	0							65.24	284.01	-621.70	66.49	284.92	-621.00	
1323/42	103	5	111	1	0	0	0.00	6.57	0	200	0	0.00	0.00	0.00	0.00	0.00	0.00	0	2	1	0	0	9	8	08/21/2001	0							74.08	309.41	-596.14	74.08	309.41	-602.71	
1323/42	110	10	115	1	0	0	0.00	2.00	251	161	0	0.10	0.40	2.00	1.00	0.00	0.00	0	2	1	0	115	9	7	08/21/2001	0							62.83	288.36	-605.38	62.00	287.56	-607.02	
1323/42	115	1	115	2	0	0	0.00	3.72	361	142	0	2.00	0.00	2.00	0.00	0.00	0.00	0	2	1	0	115	9	7	08/21/2001	0							62.00	287.56	-607.02	60.31	289.97	-609.30	
1323/42	115	2	115	3	0	0	0.00	3.87	65	136	0	0.50	0.00	2.00	2.00	0.00	0.00	0	2	1	0	115	9	7	08/21/2001	0							60.31	289.97	-609.30	63.10	291.68	-611.37	
1323/42	115	3	115	4	0	0	0.00	2.70	225	118	0	0.00	0.00	0.00	0.00	0.00	0.00	0	2	1	0	115	9	7	08/21/2001	0							63.10	291.68	-611.37	62.10	289.28	-612.12	
1323/42	115	4	20	107	0	0	0.00	10.49	128	157	0	0.00	0.00	0.00	0.00	0.00	0.00	0	2	-1	0	115	9	7	08/21/2001	0							62.10	289.28	-612.12	68.04	286.49	-620.31	
1323/42	103	5	120	1	0	0	0.00	11.48	65	113	0	2.00	2.00	4.00	0.00	0.00	0.00	0	2	1	0	0	3	8	08/21/2001	0	Ebbelwoi-Express						74.08	309.41	-596.14	83.67	315.28	-598.47	
1323/42	120	1	120	2	0	0	0.00	9.37	80	86	0	1.50	1.50	5.00	2.00	0.00	0.00	0	2	1	0	0	3	5	08/21/2001	0							83.67	315.28	-598.47	92.36	318.11	-596.43	
1323/42	120	2	120	3	0	0	0.00	11.42	50	112	0	0.00	2.00	3.00	2.00	0.00	0.00	0	2	1	0	0	3	5	08/21/2001	0							92.36	318.11	-596.43	100.29	326.04	-598.57	
1323/42	120	3	120	4	0	0	0.00	11.44	43	122	0	1.00	2.00	5.00	5.00	0.00	0.00	0	2	1	0	0	3	5	08/21/2001	0							100.29	326.04	-598.57	107.02	334.44	-602.44	
1323/42	120	4	120	5	0	0	0.00	9.20	53	105	0	2.50	2.50	2.00	1.00	0.00	0.00	0	2	1	0	0	3	5	08/21/2001	0							107.02	334.44	-602.44	113.81	340.61	-603.16	
1323/42	120	5	120	6	0	0	0.00	10.93	42	118	0	1.50	2.00	2.50	1.00	0.00	0.00	0	2	1	0	0	3	5	08/21/2001	0							113.81	340.61	-603.16	120.24	348.91	-606.21	
1323/42	120	6	120	7	0	0	0.00	9.24	57	76	0	2.00	2.50	10.00	1.50	0.00	0.00	0	2	1	0	0	3	5	08/21/2001	0							120.24	348.91	-606.21	126.95	354.28	-602.81	
1323/42	120	7	120	8	0	0	0.00	4.08	63	88	0	5.00	4.00	7.00	1.50	0.00	0.00	0	2	1	0	0	3	5	08/21/2001	0							126.95	354.28	-602.81	130.30	356.48	-602.05	
1323/42	120	8	120	9	0	0	0.00	10.31	45	113	0	3.00	5.00	3.00	2.00	0.00	0.00	0	2	1	0	0	3	5	08/21/2001	0							130.30	356.48	-602.05	136.85	364.15	-604.14	
1323/42	120	9	120	10	0	0	0.00	13.09	58	130	0	4.00	1.00	2.00	1.00	0.00	0.00	0	2	1	0	0	3	5	08/21/2001	0							136.85	364.15	-604.14	146.07	371.30	-610.08	
1323/42	120	10	120	11	0	0	0.00	11.33	39	133	0	2.00	3.50	3.00	2.00	0.00	0.00	0	2	1	0	0	3	5	08/21/2001	0							146.07	371.30	-610.08	151.73	379.35	-615.69	
1323/42	120	11	120	12	0	0	0.00	14.32	60	100	0	3.00	0.50	0.50	2.00	0.00	0.00	0	2	1	0	0	7	6	08/22/2001	0							151.73	379.35	-615.69	163.31	387.77	-615.69	
1323/42	120	12	120	13	0	0	0.00	10.83	52	78	0	5.00	2.00	2.00	1.00	0.00	0.00	0	2	1	0	0	7	6	08/22/2001	0							163.31	387.77	-615.69	170.74	394.75	-612.03	
1323/42	120	13	120	14	0	0	0.00	11.26	175	67	0	3.00	3.00	5.00	1.00	0.00	0.00	0	2	1	0	0	7	6	08/22/2001	0							170.74	394.75	-612.03	174.48	385.71	-606.45	
1323/42	120	14	120	15	0	0	0.00	8.72	25	104	0	3.00	2.00	3.00	2.00	0.00	0.00	0	2	1	0	0	7	6	08/22/2001	0							174.48	385.71	-606.45	177.81	393.75	-606.99	
1323/42	120	15	120	16	0	0	0.00	15.83	45	115	0	1.50	2.00	6.00	2.00	0.00	0.00	0	2	1	0	0	7	6	08/22/2001	0							177.81	393.75	-606.99	187.81	405.46	-610.69	
1323/42	120	16	120	17	0	0	0.00	4.35	0	0	0	0.00	0.00	0.00	0.00	0.00	0.00	0	2	1	0	0	7	6	08/22/2001	0							187.81	405.46	-610.69	187.81	405.46	-606.34	
1323/42	120	17	120	18	0	0	0.00	4.90	366	103	0	0.00	0.00	4.00	1.00	0.00	0.00	0	4	1	0	0	7	6	08/19/2002	0	Tennishalle						187.81	405.46	-606.34	185.43	409.72	-606.57	
1323/42	120	18	120	19	0	0	0.00	11.81	228	77	0	1.00	5.00	0.50	0.30	0.00	0.00	0	4	-1	0	0	7	6	08/19/2002	0							185.43	409.72	-606.57	180.49	399.87	-602.41	
1323/42	120	19	120	20	0	0	0.00	6.44	231	68	0	1.50	2.50	0.40	1.00	0.00	0.00	0	4	-1	0	0	7	6	08/19/2002	0							180.49	399.87	-602.41	177.74	394.97	-599.31	
1323/42	120	8	121	1	0	0	0.00	0.53	173	100	0	2.00	2.00	3.00	1.00	0.00	0.00	0	2	1	0	0	3	5	08/21/2001	0							130.30	356.48	-602.05	130.51	355.99	-602.05	
1323/42	121	1	121	2	0	0	0.00	5.12	0	200	0	0.00	0.00	0.00	0.00	0.00	0.00	0	2	1	0	0	3	5	08/21/2001	0							130.51	355.99	-602.05	130.51	355.99	-607.17	
1323/42	120	13	122	1	0	0	0.00	12.45	280	113	0	0.00	0.00	0.00	0.00	0.00	0.00	0	2	-0.5	0	0	7	6	08/22/2001	0							170.74	394.75	-612.03	159.15	390.98	-614.55	
1323/42	120	13	123	1	0	0	0.00	7.67	385	122	0	2.00	4.00	1.00	0.50	0.00	0.00	0	2	0	0	0	7	6	08/22/2001	0							170.74	394.75	-612.03	169.06	401.76	-614.62	
1323/42	120	13	124	1	0	0	0.00	7.23	40	120	0	1.00	1.50	0.70	0.20	0.00	0.00	0	2	1	0	0	7	6	08/22/2001	0							170.74	394.75	-612.03	174.78	400.31	-614.26	
1323/42	120	11	125	1	0	0	0.00	4.36	302	143	0	5.00	1.00	8.00	2.00	0.00	0.00	0	4	-1	0	0	3	5	08/19/2002	0							151.73	379.35	-615.69	148.34	379.55	-618.41	
1323/42	125	1	125	2	0	0	0.00	2.43	300	110	0	4.00	0.50	3.00	0.00	0.00	0.00	0	4	-1	0	0	3	5	08/19/2002	0	Windschacht, P8						148.34	379.55	-618.41	145.95	379.61	-618.79	
1323/42	125	2	125	3	0	0	0.00	8.16	300	200	0	4.00	0.50	6.00	0.00	0.00	0.00	0	4	-1	0	0	3	5	08/19/2002	0							145.95	379.61	-618.79	145.95	379.61	-626.95	
1323/42	125	3	125	4	0	0	0.00	6.01	279	112.5	0	6.00	2.00	8.00	1.00	0.00	0.00	0	4	1	0	0	3	5	08/20/2002	0							145.95	379.61	-626.95	140.34	377.85	-628.12	
1323/42	125	4	125	5	0	0	0.00	8.82	42	97	0	1.00	3.00	2.00	5.00	0.00	0.00	0	4	1	0	0	3	5	08/20/2002	0							140.34	377.85	-628.12	145.90	384.65	-627.71	
1323/42	125	5	125	6	0	0	0.00	7.80	47	115	0	3.00	0.50	3.00	2.00	0.00	0.00	0	4	1	0	0	3	5	08/20/2002	0							145.90	384.65	-627.71	151.13	390.11	-629.52	
1323/42	125	6	125	7	0	0	0.00	13.06	40	137	0	4.00	1.00	2.00	6.00	0.00	0.00	0	4	1	0	0	3	5	08/20/2002	0							151.13	390.11	-629.52	157.75	398.75	-636.67	
1323/42	125	7	125	8	0	0	0.00	7.15	262	132	0	0.00	2.00	1.00	2.00	0.00	0.00	0	4	1	0	0	3	5	08/20/2002	0							157.75	398.75	-636.67	152.49	395.37	-640.11	
1323/42	125	8	125	9	0	0	0.00	11.23	64	116	0	2.00	1.00	3.00	3.00	0.00	0.00	0	4	1	0	0	3	5	08/20/2002	0							152.49	395.37	-640.11	161.79	400.94	-642.89	
1323/42	125	9	125	10	0	0	0.00	9.51	34	97	0	2.00	2.00	3.00	1.00	0.00	0.00	0	4	1	0	0	3	5	08/20/2002	0							161.79	400.94	-642.89	166.82	408.97	-642.44	
1323/42	125	10	125	11	0	0	0.00	4.95	52	81	0	6.00	1.50	2.00	4.00	0.00	0.00	0	4	1	0	0	3	5	08/20/2002	0							166.82	408.97	-642.44	170.33	412.11	-640.99	
1323/42	125	11	125	12	0	0	0.00	13.50	43	115	0	1.00	3.00	1.00	2.00	0.00	0.00	0	4	1	0	0	3	5	08/20/2002	0							170.33	412.11	-640.99	178.77	422.11	-644.13	
1323/42	125	12	125	13	0	0	0.00	9.98	56	99.5	0	10.00	3.00	5.00	2.00	0.00	0.00	0	4	1	0	0	3	5	08/20/2002	0							178.77	422.11	-644.13	186.59	428.25	-644.06	
1323/42	125	13	125	14	0	0	0.00	6.23	77	107	0	8.00	2.00	3.00	2.00	0.00	0.00	0	4	1	0	0	3	5	08/20/2002	0							186.59	428.25	-644.06	192.42	430.29	-644.74	
1323/42	125	14	125	15	0	0	0.00	5.95	3	123	0	3.00	0.00	1.00	2.00	0.00	0.00	0	4	1	0	0	3	5	08/20/2002	0							192.42	430.29	-644.74	192.82	435.82	-646.83	
1323/42	125	15	125	16	0	0	0.00	2.28	50	200	0	2.00	2.00	1.00	1.00	0.00	0.00	0	4	1	0	0	3	5	08/20/2002	0							192.82	435.82	-646.83	192.82	435.82	-649.11	
1323/42	125	16	125	17	0	0	0.00	4.37	68	131	0	2.00	1.00	1.00	2.00	0.00	0.00	0	4	1	0	0	3	5	08/20/2002	0							192.82	435.82	-649.11	196.24	437.59	-651.15	
1323/42	125	17	125	18	0	0	0.00	6.51	46	143	0	2.00	0.00	4.00	1.00	0.00	0.00	0	4	1	0	0	3	5	08/20/2002	0							196.24	437.59	-651.15	199.69	441.31	-655.21	
1323/42	125	18	125	19	0	0	0.00	6.08	49	59	0	0.20	1.00	1.00	0.20	0.00	0.00	0	4	1	0	0	3	5	08/20/2002	0							199.69	441.31	-655.21	203.15	444.70	-651.57	
1323/42	125	19	125	20	0	0	0.00	3.52	46	90	0	0.20	0.20	2.00	0.30	0.00	0.00	0	4	1	0	0	3	5	08/20/2002	0							203.15	444.70	-651.57	205.51	447.24	-651.02	
1323/42	125	20	125	21	0	0	0.00	2.78	50	0	0	0.00	0.00	0.00	0.00	0.00	0.00	0	4	1	0	0	3	5	08/20/2002	0							205.51	447.24	-651.02	205.51	447.24	-648.24	
1323/42	125	21	125	22	0	0	0.00	1.86	35	140	0	0.00	12.00	5.00	2.00	0.00	0.00	0	4	1	0	0	3	5	08/20/2002	0	Stairway to Heaven, P38						205.51	447.24	-648.24	206.33	448.50	-649.33	
1323/42	125	22	125	23	0	0	0.00	7.35	364	150	0	2.00	8.00	10.00	2.00	0.00	0.00	0	4	1	0	0	3	5	08/20/2002	0							206.33	448.50	-649.33	203.66	452.95	-654.52	
1323/42	125	23	125	24	0	0	0.00	2.98	5	135	0	0.00	0.00	0.00	0.00	0.00	0.00	0	4	1	0	0	3	5	08/22/2002	0							203.66	452.95	-654.52	203.92	455.47	-656.07	
1323/42	125	24	125	24a	0	0	0.00	39.21	390	164	0	15.00	3.00	30.00	0.00	0.00	0.00	0	4	1	0	0	15	5	09/02/2003	0							203.92	455.47	-656.07	201.21	476.26	-689.12	
1323/42	125	24a	125	25	0	0	0.00	8.27	168	78.5	0	2.00	15.00	40.00	1.00	0.00	0.00	0	4	-1	0	0	15	5	09/02/2003	0							201.21	476.26	-689.12	204.77	469.35	-686.39	
1323/42	125	25	125	26	0	0	0.00	11.27	317	121	0	0.50	0.00	20.00	2.00	0.00	0.00	0	4	1	0	0	15	5	09/02/2003	0							204.77	469.35	-686.39	194.60	472.43	-690.03	
1323/42	125	26	125	27	0	0	0.00	3.87	278	108	0	0.00	1.00	2.00	5.00	0.00	0.00	0	4	1	0	0	15	5	09/02/2003	0	P52						194.60	472.43	-690.03	190.96	471.23	-690.51	
1323/42	125	27	125	28	0	0	0.00	51.68	278	200	0	0.00	0.00	0.00	0.00	0.00	0.00	0	4	1	0	0	15	5	09/02/2003	0							190.96	471.23	-690.51	190.96	471.23	-742.19	
1323/42	125	28	125	29	0	0	0.00	8.99	82	44	0	2.50	4.00	10.00	1.00	0.00	0.00	0	4	1	0	0	15	5	09/02/2003	0							190.96	471.23	-742.19	196.49	472.68	-735.28	
1323/42	125	29	125	30	0	0	0.00	4.46	78	74	0	3.00	2.00	30.00	1.00	0.00	0.00	0	4	1	0	0	15	5	09/02/2003	0							196.49	472.68	-735.28	200.37	473.96	-733.51	
1323/42	125	30	125	31	0	0	0.00	7.29	78	101	0	2.00	3.00	20.00	1.00	0.00	0.00	0	4	1	0	0	15	5	09/02/2003	0							200.37	473.96	-733.51	207.27	476.23	-733.62	
1323/42	125	31	125	32	0	0	0.00	2.60	396	117	0	0.50	0.50	0.00	3.00	0.00	0.00	0	4	1	0	0	15	5	09/02/2003	0	R 5						207.27	476.23	-733.62	207.18	478.73	-734.31	
1323/42	125	32	125	33	0	0	0.00	4.80	396	200	0	0.00	0.00	0.00	0.00	0.00	0.00	0	4	1	0	0	15	5	09/02/2003	0							207.18	478.73	-734.31	207.18	478.73	-739.11	
1323/42	125	33	125	34	0	0	0.00	3.33	397	129	0	1.00	1.00	2.00	5.00	0.00	0.00	0	4	1	0	0	15	5	09/02/2003	0	Zerberus, P19						207.18	478.73	-739.11	207.12	481.71	-740.57	
1323/42	125	34	125	35	0	0	0.00	24.72	374	155	0	20.00	7.00	20.00	2.00	0.00	0.00	0	4	1	0	0	15	5	09/02/2003	0							207.12	481.71	-740.57	201.16	496.58	-759.33	
1323/42	125	35	125	36	0	0	0.00	13.58	241	147	0	7.00	20.00	25.00	0.00	0.00	0.00	0	4	-1	0	0	15	5	09/02/2003	0							201.16	496.58	-759.33	194.93	488.73	-768.44	
1323/42	125	36	125	37	0	0	0.00	18.27	375	137.5	0	4.00	0.00	2.00	2.00	0.00	0.00	0	6	-1	0	0	15	5	08/25/2004	0	Hades						194.93	488.73	-768.44	189.61	502.92	-778.57	
1323/42	125	37	125	38	0	0	0.00	7.06	246	152	0	3.00	0.50	6.00	4.00	0.00	0.00	0	6	-1	0	0	15	5	08/25/2004	0							189.61	502.92	-778.57	186.30	499.41	-783.70	
1323/42	125	38	125	39	0	0	0.00	5.12	174	51	0	3.00	2.00	4.00	1.00	0.00	0.00	0	6	-1	0	0	15	5	08/25/2004	0							186.30	499.41	-783.70	187.64	495.99	-780.15	
1323/42	125	39	125	40	0	0	0.00	9.07	208	114	0	1.00	0.30	1.00	0.00	0.00	0.00	0	6	-1	0	0	15	5	08/25/2004	0							187.64	495.99	-780.15	186.24	487.28	-782.12	
1323/42	125	40	125	41	0	0	0.00	3.81	165	61	0	0.00	0.50	0.50	1.00	0.00	0.00	0	6	-1	0	0	15	5	08/25/2004	0							186.24	487.28	-782.12	187.78	484.58	-779.93	
1323/42	125	41	125	42	0	0	0.00	2.40	171	94	0	2.00	1.00	3.00	1.00	0.00	0.00	0	6	-1	0	0	15	5	08/25/2004	0							187.78	484.58	-779.93	188.75	482.41	-779.71	
1323/42	125	42	125	42a	0	0	0.00	9.02	221	149	0	2.00	1.00	0.50	0.00	0.00	0.00	0	6	-1	0	0	15	5	08/25/2004	0							188.75	482.41	-779.71	186.46	476.37	-785.97	
1323/42	125	42	125	43	0	0	0.00	5.18	181	130	0	0.00	2.00	2.00	2.00	0.00	0.00	0	6	-1	0	0	15	5	08/25/2004	0							188.75	482.41	-779.71	189.96	477.97	-782.05	
1323/42	125	43	125	44	0	0	0.00	5.48	342	119	0	0.00	1.00	1.00	2.00	0.00	0.00	0	6	1	0	0	15	5	08/25/2004	0							189.96	477.97	-782.05	185.94	481.30	-783.66	
1323/42	125	11	126	1	0	0	0.00	8.53	351	82	0	3.00	3.00	2.00	1.00	0.00	0.00	0	4	-1	0	0	7	5	08/20/2002	0							170.33	412.11	-640.99	164.80	418.11	-638.62	
1323/42	125	13	127	1	0	0	0.00	4.33	297	93	0	0.00	0.00	0.00	0.00	0.00	0.00	0	4	-1	0	0	7	5	08/20/2002	0							186.59	428.25	-644.06	182.31	428.16	-643.58	
1323/42	125	13	128	1	0	0	0.00	3.51	390	110	0	2.00	5.00	4.00	1.00	0.00	0.00	0	4	1	0	0	7	5	08/20/2002	0							186.59	428.25	-644.06	186.14	431.68	-644.60	
1323/42	125	21	129	1	0	0	0.00	11.01	211	65.5	0	15.00	4.00	7.00	2.00	0.00	0.00	0	4	-1	0	0	7	5	08/20/2002	0							205.51	447.24	-648.24	203.66	438.02	-642.58	
1323/42	129	1	129	2	0	0	0.00	5.25	314	94	0	1.00	0.50	1.00	2.00	0.00	0.00	0	4	-0.5	0	0	7	5	08/20/2002	0							203.66	438.02	-642.58	198.60	439.28	-642.09	
1323/42	129	2	129	3	0	0	0.00	1.51	270	200	0	0.00	0.00	0.00	0.00	0.00	0.00	0	4	-0.5	0	0	7	5	08/20/2002	0							198.60	439.28	-642.09	198.60	439.28	-643.60	
1323/42	129	3	129	4	0	0	0.00	1.71	240	130	0	0.50	0.50	2.00	3.00	0.00	0.00	0	4	-0.5	0	0	7	5	08/20/2002	0							198.60	439.28	-643.60	197.68	438.08	-644.37	
1323/42	129	4	129	5	0	0	0.00	3.09	225	200	0	0.00	0.00	0.00	0.00	0.00	0.00	0	4	-0.5	0	0	7	5	08/20/2002	0							197.68	438.08	-644.37	197.68	438.08	-647.46	
1323/42	129	5	129	6	0	0	0.00	3.65	210	90	0	0.50	0.30	2.00	1.00	0.00	0.00	0	4	-0.5	0	0	7	5	08/20/2002	0							197.68	438.08	-647.46	197.03	434.54	-646.89	
1323/42	106	1	130	1	0	0	0.00	6.12	270	70	0	1.00	2.00	1.50	0.50	0.00	0.00	0	4	-1	0	0	9	4	08/20/2002	0							51.35	293.70	-601.51	46.45	291.36	-598.74	
1323/42	130	1	130	2	0	0	0.00	10.00	270	90	0	1.00	0.50	0.50	0.50	0.00	0.00	0	4	-1	0	0	9	4	08/20/2002	0							46.45	291.36	-598.74	37.57	287.11	-597.18	
1323/42	130	2	130	3	0	0	0.00	2.50	260	105	0	1.00	0.50	0.20	0.50	0.00	0.00	0	4	-1	0	0	9	4	08/20/2002	0							37.57	287.11	-597.18	35.52	285.70	-597.38	
1323/42	125	8	131	1	0	0	0.00	16.19	257	79	0	1.00	0.50	10.00	5.00	0.00	0.00	0	4	-1	0	131	7	6	08/22/2002	0							152.49	395.37	-640.11	140.34	386.13	-634.88	
1323/42	131	1	131	2	0	0	0.00	7.66	168	48	0	5.00	10.00	10.00	10.00	0.00	0.00	0	4	-1	0	131	7	6	08/22/2002	0							140.34	386.13	-634.88	142.74	381.48	-629.31	
1323/42	131	2	131	3	0	0	0.00	4.72	241	86	0	5.00	2.00	10.00	1.00	0.00	0.00	0	4	-1	0	131	7	6	08/22/2002	0							142.74	381.48	-629.31	139.89	377.88	-628.28	
1323/42	131	3	125	4	0	0	0.00	0.00	0	0	0	0.00	0.00	0.00	0.00	0.00	0.00	0	4	-1	0	131	7	6	08/22/2002	0							139.89	377.88	-628.28	139.89	377.88	-628.28	
1323/42	131	3	131	4	0	0	0.00	5.12	203	85	0	2.00	2.00	10.00	7.00	0.00	0.00	0	4	-1	0	0	7	6	08/22/2002	0							139.89	377.88	-628.28	139.53	372.93	-627.09	
1323/42	131	4	131	5	0	0	0.00	7.32	203	200	0	0.00	0.00	0.00	0.00	0.00	0.00	0	4	-1	0	0	7	6	08/22/2002	0							139.53	372.93	-627.09	139.53	372.93	-634.41	
1323/42	103	13	140	1	0	0	0.00	15.52	255	81	0	2.00	1.50	2.00	1.00	0.00	0.00	0	2	-1	0	0	3	5	08/22/2001	0	Tiroler Tunnel						17.48	268.45	-567.42	6.20	258.82	-562.85	
1323/42	140	1	140	2	0	0	0.00	22.34	270	95	0	0.00	1.50	3.00	2.00	0.00	0.00	0	2	-1	0	0	3	5	08/22/2001	0							6.20	258.82	-562.85	-13.64	248.71	-561.10	
1323/42	140	2	140	3	0	0	0.00	18.12	256	100	0	1.50	3.00	3.00	0.50	0.00	0.00	0	2	-1	0	0	3	5	08/22/2001	0							-13.64	248.71	-561.10	-27.60	237.16	-561.10	
1323/42	140	3	140	4	0	0	0.00	9.93	280	110	0	2.50	3.00	3.00	0.50	0.00	0.00	0	2	-1	0	0	3	5	08/22/2001	0							-27.60	237.16	-561.10	-36.93	234.13	-562.65	
1323/42	140	4	140	5	0	0	0.00	15.29	280	109	0	2.00	3.00	2.00	4.00	0.00	0.00	0	2	-1	0	0	3	5	08/22/2001	0							-36.93	234.13	-562.65	-51.33	229.45	-564.81	
1323/42	140	5	140	6	0	0	0.00	21.52	270	91	0	3.00	3.00	3.00	2.00	0.00	0.00	0	2	-1	0	0	3	5	08/22/2001	0							-51.33	229.45	-564.81	-70.31	219.78	-561.78	
1323/42	140	6	140	7	0	0	0.00	17.42	267	92	0	1.00	2.00	2.00	5.00	0.00	0.00	0	2	-1	0	0	3	5	08/22/2001	0							-70.31	219.78	-561.78	-85.32	211.21	-559.59	
1323/42	140	7	140	8	0	0	0.00	16.02	273	105	0	1.00	1.00	2.00	2.00	0.00	0.00	0	2	-1	0	0	3	5	08/22/2001	0							-85.32	211.21	-559.59	-99.88	204.64	-560.85	
1323/42	140	8	140	9	0	0	0.00	26.94	260	83	0	0.00	3.50	6.00	2.00	0.00	0.00	0	2	-1	0	0	3	5	08/23/2001	0							-99.88	204.64	-560.85	-120.90	189.37	-553.74	
1323/42	140	9	140	10	0	0	0.00	47.62	260	67	0	3.00	2.00	0.00	3.00	0.00	0.00	0	2	-1	0	0	3	5	08/23/2001	0	Südbahnhof						-120.90	189.37	-553.74	-154.36	165.05	-530.15	
1323/42	140	10	140	11	0	0	0.00	20.82	247	100	0	1.00	1.00	3.00	2.00	0.00	0.00	0	2	-1	0	0	3	5	08/23/2001	0							-154.36	165.05	-530.15	-168.38	149.66	-530.15	
1323/42	140	11	140	12	0	0	0.00	9.35	235	90	0	0.00	1.00	0.50	2.00	0.00	0.00	0	2	-1	0	0	3	5	08/23/2001	0	P14, Südbahnhof						-168.38	149.66	-530.15	-173.20	141.78	-528.68	
1323/42	140	8	145	1	0	0	0.00	11.64	304	158	0	2.00	1.00	5.00	0.00	0.00	0.00	0	2	-1	0	0	7	10	08/22/2001	0	Kacak						-99.88	204.64	-560.85	-107.00	205.09	-570.05	
1323/42	145	1	145	2	0	0	0.00	16.24	265	91	0	2.50	1.00	3.00	1.00	0.00	0.00	0	2	-0.5	0	0	7	10	08/22/2001	0							-107.00	205.09	-570.05	-120.71	196.69	-567.76	
1323/42	145	2	145	3	0	0	0.00	8.66	290	110	0	2.00	1.00	2.00	0.00	0.00	0.00	0	2	-1	0	0	7	10	08/22/2001	0							-120.71	196.69	-567.76	-129.15	195.35	-569.11	
1323/42	145	3	145	4	0	0	0.00	7.59	295	147	0	4.00	1.00	2.00	0.00	0.00	0.00	0	2	-1	0	0	7	10	08/22/2001	0							-129.15	195.35	-569.11	-134.75	194.91	-574.22	
1323/42	145	4	145	5	0	0	0.00	6.83	0	200	0	0.00	0.00	0.00	0.00	0.00	0.00	0	2	-1	0	0	7	10	08/22/2001	0							-134.75	194.91	-574.22	-134.75	194.91	-581.05	
1323/42	145	5	145	6	0	0	0.00	4.43	295	96	0	2.00	1.00	4.00	3.00	0.00	0.00	0	2	-1	0	0	7	10	08/22/2001	0							-134.75	194.91	-581.05	-139.16	194.56	-580.77	
1323/42	145	6	145	7	0	0	0.00	6.23	273	93	0	0.00	2.00	0.00	5.00	0.00	0.00	0	2	-1	0	0	7	10	08/22/2001	0							-139.16	194.56	-580.77	-144.80	192.01	-580.09	
1323/42	145	7	145	8	0	0	0.00	14.70	317	153	0	0.50	2.00	1.00	0.50	0.00	0.00	0	2	-1	0	0	7	10	08/23/2001	0							-144.80	192.01	-580.09	-154.34	194.63	-590.96	
1323/42	145	8	145	9	0	0	0.00	9.12	367	149	0	1.50	1.00	0.00	1.00	0.00	0.00	0	2	-1	0	0	7	10	08/23/2001	0							-154.34	194.63	-590.96	-157.59	200.31	-597.31	
1323/42	145	7	146	1	0	0	0.00	4.02	255	121	0	1.00	2.00	6.00	2.00	0.00	0.00	0	2	-1	0	0	7	10	08/23/2001	0							-144.80	192.01	-580.09	-147.69	189.54	-581.39	
1323/42	146	1	146	2	0	0	0.00	3.70	5	74	0	0.00	4.00	1.00	1.00	0.00	0.00	0	2	0	0	0	7	10	08/23/2001	0							-147.69	189.54	-581.39	-147.43	192.93	-579.92	
1323/42	146	2	146	3	0	0	0.00	6.40	270	100	0	0.00	1.00	0.00	2.00	0.00	0.00	0	2	-1	0	0	7	10	08/23/2001	0							-147.43	192.93	-579.92	-153.13	190.02	-579.92	
1323/42	146	3	146	4	0	0	0.00	14.48	283	112	0	0.50	0.00	0.00	2.00	0.00	0.00	0	2	-0.5	0	0	7	10	08/23/2001	0							-153.13	190.02	-579.92	-166.85	186.27	-582.64	
1323/42	146	4	146	5	0	0	0.00	16.56	270	100	0	1.00	0.00	0.00	1.50	0.00	0.00	0	2	-0.5	0	0	7	10	08/23/2001	0							-166.85	186.27	-582.64	-181.60	178.75	-582.64	
1323/42	146	5	146	6	0	0	0.00	6.95	253	104	0	5.00	0.00	4.00	0.00	0.00	0.00	0	2	-1	0	0	7	10	08/23/2001	0							-181.60	178.75	-582.64	-186.73	174.09	-583.07	
1323/42	146	6	146	7	0	0	0.00	13.52	110	43	0	0.00	4.00	4.00	0.00	0.00	0.00	0	2	1	0	0	7	10	08/23/2001	0							-186.73	174.09	-583.07	-178.39	172.76	-572.52	
1323/42	146	7	146	8	0	0	0.00	7.01	232	116	0	6.00	10.00	20.00	5.00	0.00	0.00	0	2	-1	0	0	7	10	08/23/2001	0							-178.39	172.76	-572.52	-181.66	166.81	-574.26	
1323/42	146	8	146	9	0	0	0.00	7.03	328	88	0	0.00	1.50	5.00	1.00	0.00	0.00	0	2	-1	0	0	7	10	08/23/2001	0							-181.66	166.81	-574.26	-187.90	169.75	-572.95	
1323/42	146	9	146	10	0	0	0.00	11.04	296	105	0	1.00	0.00	10.00	1.20	0.00	0.00	0	2	-1	0	0	7	10	08/23/2001	0							-187.90	169.75	-572.95	-198.89	169.06	-573.81	
1323/42	146	6	147	6a	0	0	0.00	2.29	360	128	0	0.00	0.00	0.00	0.00	0.00	0.00	0	6	-1	0	0	7	10	08/22/2005	0	Brad Pitt, P11						-186.73	174.09	-583.07	-187.89	175.80	-584.04	
1323/42	147	6a	147	6b	0	0	0.00	11.57	10	186	0	0.00	0.00	0.00	0.00	0.00	0.00	0	6	-1	0	0	7	10	08/22/2005	0							-187.89	175.80	-584.04	-187.41	178.27	-595.33	
1323/42	147	6b	147	6c	0	0	0.00	7.70	350	158	0	0.00	0.00	0.00	0.00	0.00	0.00	0	6	-1	0	0	7	10	08/22/2005	0							-187.41	178.27	-595.33	-190.62	181.72	-601.40	
1323/42	147	6c	147	6d	0	0	0.00	9.71	0	123	0	0.00	0.00	0.00	0.00	0.00	0.00	0	6	-1	0	0	7	10	08/22/2005	0							-190.62	181.72	-601.40	-190.30	190.77	-604.82	
1323/42	147	6d	147	6e	0	0	0.00	3.88	280	145	0	0.00	0.00	0.00	0.00	0.00	0.00	0	6	-1	0	0	7	10	08/22/2005	0							-190.30	190.77	-604.82	-193.13	189.96	-607.33	
1323/42	146	8	148	1	0	0	0.00	7.79	120	147	0	2.00	10.00	40.00	5.00	0.00	0.00	0	2	-1	0	0	7	10	08/23/2001	0	Lara Croft Halle						-181.66	166.81	-574.26	-176.18	165.03	-579.51	
1323/42	148	1	148	2	0	0	0.00	5.43	142	107	0	1.00	2.00	4.00	2.00	0.00	0.00	0	2	-1	0	0	7	10	08/23/2001	0							-176.18	165.03	-579.51	-171.91	161.72	-580.10	
1323/42	148	2	148	3	0	0	0.00	8.59	200	69	0	1.00	1.00	1.00	1.00	0.00	0.00	0	2	-1	0	0	7	10	08/23/2001	0							-171.91	161.72	-580.10	-171.91	154.13	-576.08	
1323/42	148	3	148	3a	0	0	0.00	11.80	240	73	0	1.00	0.50	1.00	0.50	0.00	0.00	0	2	-1	0	0	7	10	08/23/2001	0							-171.91	154.13	-576.08	-178.23	145.43	-571.23	
1323/42	148	3	148	4	0	0	0.00	7.32	235	52	0	0.50	1.00	5.00	1.00	0.00	0.00	0	4	-1	0	0	7	10	08/23/2002	0							-171.91	154.13	-576.08	-174.81	149.67	-571.08	
1323/42	148	4	148	5	0	0	0.00	10.22	293	30	0	0.50	0.00	5.00	5.00	0.00	0.00	0	4	-1	0	0	7	10	08/23/2002	0							-174.81	149.67	-571.08	-179.42	149.27	-561.99	
1323/42	148	5	148	6	0	0	0.00	3.99	109	70	0	0.50	0.50	1.00	0.50	0.00	0.00	0	4	1	0	0	7	10	08/23/2002	0							-179.42	149.27	-561.99	-175.93	148.69	-560.19	
1323/42	148	6	148	7	0	0	0.00	3.93	124	58	0	0.00	0.50	2.00	2.00	0.00	0.00	0	4	1	0	0	7	10	08/23/2002	0							-175.93	148.69	-560.19	-173.08	147.47	-557.78	
1323/42	148	7	148	8	0	0	0.00	6.96	363	50	0	3.00	4.00	5.00	2.00	0.00	0.00	0	4	-1	0	0	7	10	08/23/2002	0							-173.08	147.47	-557.78	-175.67	151.64	-552.87	
1323/42	148	8	148	9	0	0	0.00	3.96	274	57	0	4.00	2.00	5.00	1.00	0.00	0.00	0	4	-1	0	0	7	10	08/23/2002	0							-175.67	151.64	-552.87	-178.53	150.49	-550.40	
1323/42	148	9	148	10	0	0	0.00	9.83	192	38	0	5.00	0.00	5.00	1.00	0.00	0.00	0	4	-0.5	0	0	7	10	08/23/2002	0							-178.53	150.49	-550.40	-177.98	145.01	-542.29	
1323/42	148	10	148	11	0	0	0.00	21.53	246	112	0	1.00	0.10	1.00	0.50	0.00	0.00	0	4	-1	0	0	3	5	08/23/2002	0							-177.98	145.01	-542.29	-192.31	129.55	-546.31	
1323/42	148	11	148	12	0	0	0.00	10.35	250	100	0	3.00	1.00	4.00	2.00	0.00	0.00	0	4	-1	0	0	3	5	08/23/2002	0							-192.31	129.55	-546.31	-199.79	122.45	-546.31	
1323/42	148	12	148	13	0	0	0.00	14.91	246	105	0	4.00	2.00	1.00	3.00	0.00	0.00	0	4	-1	0	0	3	5	08/23/2002	0	Tiroler Tunnel						-199.79	122.45	-546.31	-209.87	111.59	-547.48	
1323/42	148	13	148	14	0	0	0.00	21.89	257	112	0	3.00	2.00	5.00	3.00	0.00	0.00	0	4	-1	0	0	3	5	08/23/2002	0							-209.87	111.59	-547.48	-226.93	98.61	-551.56	
1323/42	148	14	148	15	0	0	0.00	20.67	248	101	0	1.00	3.00	2.00	7.00	0.00	0.00	0	4	-1	0	0	3	5	08/23/2002	0							-226.93	98.61	-551.56	-241.41	83.96	-551.89	
1323/42	148	15	148	16	0	0	0.00	15.71	228	58	0	1.00	3.00	2.00	7.00	0.00	0.00	0	4	-1	0	0	3	5	08/23/2002	0	Frankenloch						-241.41	83.96	-551.89	-246.96	72.90	-542.28	
1323/42	148	16	148	17	0	0	0.00	5.07	276	88	0	1.00	2.00	4.00	0.50	0.00	0.00	0	4	-1	0	0	3	5	08/23/2002	0							-246.96	72.90	-542.28	-251.62	71.19	-541.34	
1323/42	148	17	148	18	0	0	0.00	4.50	284	104	0	2.00	2.00	1.00	1.00	0.00	0.00	0	4	-1	0	0	3	5	08/23/2002	0							-251.62	71.19	-541.34	-255.98	70.18	-541.62	
1323/42	148	18	148	19	0	0	0.00	8.52	74	68	0	2.00	1.00	5.00	2.00	0.00	0.00	0	4	1	0	0	3	5	08/23/2002	0							-255.98	70.18	-541.62	-249.08	72.97	-537.53	
1323/42	148	19	148	20	0	0	0.00	8.87	178	48	0	5.00	2.00	7.00	1.00	0.00	0.00	0	4	1	0	0	3	5	08/23/2002	0							-249.08	72.97	-537.53	-247.17	67.22	-531.07	
1323/42	148	20	148	21	0	0	0.00	2.81	244	72	0	4.00	3.00	5.00	0.00	0.00	0.00	0	4	-1	0	0	3	5	08/23/2002	0							-247.17	67.22	-531.07	-248.84	65.30	-529.88	
1323/42	148	21	148	22	0	0	0.00	8.07	265	112	0	1.50	3.00	15.00	5.00	0.00	0.00	0	4	-1	0	0	7	5	08/23/2002	0							-248.84	65.30	-529.88	-255.68	61.35	-531.39	
1323/42	148	22	148	23	0	0	0.00	12.88	270	142	0	2.50	0.00	2.00	1.50	0.00	0.00	0	4	-1	0	0	7	5	08/23/2002	0							-255.68	61.35	-531.39	-264.83	56.97	-539.26	
1323/42	148	23	148	24	0	0	0.00	4.19	270	200	0	1.00	1.00	2.00	0.00	0.00	0.00	0	4	-1	0	0	7	5	08/23/2002	0							-264.83	56.97	-539.26	-264.83	56.97	-543.45	
1323/42	148	24	148	25	0	0	0.00	1.78	335	96	0	0.20	0.30	1.00	0.00	0.00	0.00	0	4	-1	0	0	7	5	08/23/2002	0							-264.83	56.97	-543.45	-266.32	57.93	-543.34	
1323/42	148	25	148	26	0	0	0.00	3.65	305	137	0	0.50	0.00	2.00	0.50	0.00	0.00	0	4	-1	0	0	7	5	08/23/2002	0							-266.32	57.93	-543.34	-269.35	58.25	-545.34	
1323/42	148	26	148	27	0	0	0.00	7.70	265	126	0	0.30	0.00	0.50	0.20	0.00	0.00	0	4	-1	0	0	7	5	08/23/2002	0							-269.35	58.25	-545.34	-275.44	54.72	-548.39	
1323/42	148	27	148	28	0	0	0.00	4.85	220	116	0	0.50	1.00	1.00	0.00	0.00	0.00	0	4	-1	0	0	7	5	08/23/2002	0							-275.44	54.72	-548.39	-277.00	50.31	-549.59	
1323/42	148	28	148	29	0	0	0.00	4.30	240	57	0	3.00	3.00	10.00	2.00	0.00	0.00	0	4	-1	0	0	7	5	08/23/2002	0							-277.00	50.31	-549.59	-279.04	47.65	-546.91	
1323/42	140	12	148	10	0	0	0.00	12.52	337	160	0	0.00	0.00	0.00	0.00	0.00	0.00	0	4	-1	0	140	3	5	08/23/2002	0							-171.94	140.82	-532.18	-177.98	145.01	-542.29	
1323/42	148	1	149	1	0	0	0.00	6.05	216	127	0	0.50	3.00	5.00	7.00	0.00	0.00	0	2	-1	0	0	7	10	08/23/2001	0							-176.18	165.03	-579.51	-177.55	159.69	-582.00	
1323/42	148	20	150	1	0	0	0.00	13.27	55	97	0	0.00	0.00	0.00	0.00	0.00	0.00	0	4	1	0	0	7	5	08/23/2002	0							-247.17	67.22	-531.07	-236.91	75.54	-530.45	
1323/42	146	9	151	1	0	0	0.00	9.42	218	77	0	0.00	2.00	40.00	2.00	0.00	0.00	0	2	-1	0	0	7	10	08/23/2001	0							-187.90	169.75	-572.95	-190.36	161.29	-569.62	
1323/42	145	6	152	1	0	0	0.00	15.83	58	105	0	0.00	1.00	0.00	2.00	0.00	0.00	0	2	1	0	0	7	10	08/23/2001	0							-139.16	194.56	-580.77	-126.69	204.24	-582.01	
1323/42	152	1	152	2	0	0	0.00	15.90	54	101	0	0.50	0.00	0.00	2.00	0.00	0.00	0	2	0.5	0	0	7	10	08/23/2001	0							-126.69	204.24	-582.01	-114.76	214.75	-582.26	
1323/42	152	2	152	3	0	0	0.00	21.75	66	100	0	0.50	1.50	2.00	1.00	0.00	0.00	0	2	0.5	0	0	7	10	08/23/2001	0							-114.76	214.75	-582.26	-96.04	225.82	-582.26	
1323/42	152	3	152	4	0	0	0.00	14.81	70	94	0	0.30	2.00	0.30	2.00	0.00	0.00	0	2	1	0	0	7	10	08/23/2001	0							-96.04	225.82	-582.26	-82.90	232.51	-580.87	
1323/42	152	4	152	5	0	0	0.00	13.50	55	91	0	0.50	1.50	0.20	2.00	0.00	0.00	0	6	1	0	0	7	10	08/22/2005	0							-82.90	232.51	-580.87	-72.48	240.80	-578.97	
1323/42	140	3	153	1	0	0	0.00	6.73	105	68	0	0.00	0.00	0.00	0.00	0.00	0.00	0	2	1	0	0	7	6	08/24/2001	0	Wasserschacht, P25						-27.60	237.16	-561.10	-21.72	236.69	-557.86	
1323/42	153	1	153	2	0	0	0.00	3.10	150	140	0	0.00	0.00	0.00	0.00	0.00	0.00	0	2	1	0	0	7	6	08/24/2001	0							-21.72	236.69	-557.86	-19.95	234.92	-559.68	
1323/42	153	2	153	3	0	0	0.00	9.13	0	200	0	0.00	0.00	0.00	0.00	0.00	0.00	0	2	1	0	0	7	6	08/24/2001	0							-19.95	234.92	-559.68	-19.95	234.92	-568.81	
1323/42	153	3	153	4	0	0	0.00	3.95	370	83	0	0.00	0.00	0.00	0.00	0.00	0.00	0	2	1	0	0	7	6	08/24/2001	0							-19.95	234.92	-568.81	-21.68	238.32	-567.77	
1323/42	153	4	153	5	0	0	0.00	14.75	40	200	0	0.00	0.00	0.00	0.00	0.00	0.00	0	4	1	0	0	7	6	08/21/2002	0							-21.68	238.32	-567.77	-21.68	238.32	-582.52	
1323/42	153	5	153	6	0	0	0.00	4.48	45	100	0	3.00	1.00	5.00	0.00	0.00	0.00	0	4	-1	0	0	7	6	08/21/2002	0							-21.68	238.32	-582.52	-18.69	241.64	-582.52	
1323/42	153	6	153	7	0	0	0.00	7.39	38	139	0	2.00	1.00	0.00	5.00	0.00	0.00	0	4	-1	0	0	7	6	08/21/2002	0	Destny Prales, P14						-18.69	241.64	-582.52	-15.18	246.54	-586.76	
1323/42	153	7	153	8	0	0	0.00	14.37	60	200	0	0.00	0.00	0.00	0.00	0.00	0.00	0	4	1	0	0	7	6	08/21/2002	0							-15.18	246.54	-586.76	-15.18	246.54	-601.13	
1323/42	153	8	153	9	0	0	0.00	7.22	65	100	0	0.00	1.00	5.00	1.50	0.00	0.00	0	4	1	0	0	7	6	08/21/2002	0							-15.18	246.54	-601.13	-8.95	250.14	-601.13	
1323/42	153	9	153	10	0	0	0.00	1.50	60	200	0	0.00	0.00	0.00	0.00	0.00	0.00	0	4	1	0	0	7	6	08/21/2002	0							-8.95	250.14	-601.13	-8.95	250.14	-602.63	
1323/42	102	1	154	1	0	0	0.00	0.91	132	100	0	0.00	0.00	0.00	0.00	0.00	0.00	0	2	-1	0	154	9	2	08/24/2001	0							70.93	317.54	-617.08	71.73	317.11	-617.08	
1323/42	154	1	154	2	0	0	0.00	2.37	218	115	0	0.00	0.00	0.00	0.00	0.00	0.00	0	2	-1	0	154	9	2	08/24/2001	0							71.73	317.11	-617.08	71.08	314.89	-617.64	
1323/42	154	2	154	3	0	0	0.00	4.39	196	107	0	0.00	0.00	0.00	0.00	0.00	0.00	0	2	-1	0	154	9	2	08/24/2001	0							71.08	314.89	-617.64	71.36	310.54	-618.12	
1323/42	154	3	154	4	0	0	0.00	6.78	168	120	0	0.00	0.00	0.00	0.00	0.00	0.00	0	2	-1	0	154	9	2	08/24/2001	0							71.36	310.54	-618.12	74.46	304.89	-620.21	
1323/42	154	4	154	5	0	0	0.00	5.53	0	200	0	0.00	0.00	0.00	0.00	0.00	0.00	0	2	-1	0	154	9	2	08/24/2001	0							74.46	304.89	-620.21	74.46	304.89	-625.74	
1323/42	154	5	154	6	0	0	0.00	13.28	51	92	0	0.00	0.00	0.00	0.00	0.00	0.00	0	2	1	0	154	9	2	08/24/2001	0							74.46	304.89	-625.74	83.92	314.06	-624.08	
1323/42	154	6	154	7	0	0	0.00	4.91	380	89	0	0.00	0.00	0.00	0.00	0.00	0.00	0	2	1	0	154	9	2	08/24/2001	0							83.92	314.06	-624.08	82.43	318.66	-623.24	
1323/42	154	7	154	8	0	0	0.00	5.52	25	126	0	0.00	0.00	0.00	0.00	0.00	0.00	0	2	1	0	154	9	2	08/24/2001	0							82.43	318.66	-623.24	84.37	323.34	-625.43	
1323/42	154	8	154	9	0	0	0.00	1.61	342	143	0	0.00	0.00	0.00	0.00	0.00	0.00	0	2	1	0	154	9	2	08/24/2001	0							84.37	323.34	-625.43	83.38	324.11	-626.43	
1323/42	154	9	20	118	0	0	0.00	5.21	65	171	0	0.00	0.00	0.00	0.00	0.00	0.00	0	2	1	0	154	9	2	08/24/2001	0							83.38	324.11	-626.43	85.33	325.30	-631.11	
1323/42	103	7	160	1	0	0	0.00	4.04	305	95	0	6.00	0.50	3.00	1.00	0.00	0.00	0	4	-1	0	0	7	6	08/21/2002	0							55.39	287.52	-580.62	51.39	287.93	-580.31	
1323/42	160	1	160	2	0	0	0.00	9.38	350	70	0	0.00	4.00	4.00	2.00	0.00	0.00	0	4	-1	0	0	7	6	08/21/2002	0							51.39	287.93	-580.31	45.65	293.97	-576.06	
1323/42	140	10	161	1	0	0	0.00	3.59	190	121	0	0.00	0.00	0.00	0.00	0.00	0.00	0	4	1	0	0	7	6	08/21/2002	0							-154.36	165.05	-530.15	-153.92	161.70	-531.31	
1323/42	161	1	161	2	0	0	0.00	15.72	135	40	0	2.00	4.00	5.00	1.00	0.00	0.00	0	4	1	0	0	7	6	08/21/2002	0							-153.92	161.70	-531.31	-146.18	156.68	-518.61	
1323/42	161	2	161	3	0	0	0.00	12.33	97	80	0	1.00	2.00	2.00	3.00	0.00	0.00	0	4	1	0	0	7	6	08/21/2002	0							-146.18	156.68	-518.61	-134.49	156.94	-514.81	
1323/42	161	3	161	4	0	0	0.00	5.48	81	98	0	1.50	0.50	3.00	4.00	0.00	0.00	0	4	1	0	0	7	6	08/21/2002	0							-134.49	156.94	-514.81	-129.24	158.41	-514.64	
1323/42	161	4	161	5	0	0	0.00	3.66	222	69	0	4.00	15.00	2.00	2.00	0.00	0.00	0	4	-1	0	0	7	6	08/21/2002	0							-129.24	158.41	-514.64	-130.41	155.40	-512.94	
1323/42	161	5	161	6	0	0	0.00	3.17	222	0	0	1.00	1.00	3.50	0.00	0.00	0.00	0	4	-1	0	0	7	6	08/21/2002	0							-130.41	155.40	-512.94	-130.41	155.40	-509.77	
1323/42	161	6	161	7	0	0	0.00	3.31	266	75	0	3.00	1.00	3.00	5.00	0.00	0.00	0	4	-1	0	0	7	6	08/21/2002	0							-130.41	155.40	-509.77	-133.07	153.92	-508.50	
1323/42	161	7	161	8	0	0	0.00	5.49	175	34	0	12.00	3.00	2.00	10.00	0.00	0.00	0	4	1	0	0	7	6	08/21/2002	0							-133.07	153.92	-508.50	-132.07	151.31	-503.79	
1323/42	161	8	161	9	0	0	0.00	4.94	163	69	0	10.00	5.00	2.00	10.00	0.00	0.00	0	4	1	0	0	7	6	08/21/2002	0							-132.07	151.31	-503.79	-129.77	147.62	-501.48	
1323/42	140	10	162	1	0	0	0.00	9.48	75	142	0	4.00	1.00	3.00	13.00	0.00	0.00	0	4	1	0	0	7	6	08/21/2002	0	P13						-154.36	165.05	-530.15	-147.39	167.74	-535.94	
1323/42	162	1	162	2	0	0	0.00	12.96	75	200	0	0.00	0.00	0.00	0.00	0.00	0.00	0	4	1	0	0	7	6	08/21/2002	0							-147.39	167.74	-535.94	-147.39	167.74	-548.90	
1323/42	140	10	163	1	0	0	0.00	8.03	265	116	0	4.00	0.00	4.00	2.00	0.00	0.00	0	4	-1	0	0	7	6	08/21/2002	0							-154.36	165.05	-530.15	-161.07	161.17	-532.14	
1323/42	163	1	163	2	0	0	0.00	6.20	238	127	0	0.50	4.00	3.00	1.00	0.00	0.00	0	4	-1	0	0	7	6	08/21/2002	0							-161.07	161.17	-532.14	-164.36	156.60	-534.68	
1323/42	163	2	163	3	0	0	0.00	7.56	347	80	0	1.50	2.00	3.00	1.00	0.00	0.00	0	4	-1	0	0	7	6	08/21/2002	0							-164.36	156.60	-534.68	-169.54	161.55	-532.35	
1323/42	163	3	163	4	0	0	0.00	5.23	381	75	0	1.00	1.00	1.00	1.00	0.00	0.00	0	4	-1	0	0	7	6	08/21/2002	0							-169.54	161.55	-532.35	-170.83	166.19	-530.36	
1323/42	163	4	163	5	0	0	0.00	17.05	255	82	0	1.00	3.00	2.00	6.00	0.00	0.00	0	4	-1	0	0	7	6	08/21/2002	0							-170.83	166.19	-530.36	-183.51	155.91	-525.61	
1323/42	163	5	163	5a	0	0	0.00	6.07	82	200	0	0.00	0.00	0.00	0.00	0.00	0.00	0	4	-1	0	0	7	6	08/21/2002	0							-183.51	155.91	-525.61	-183.51	155.91	-531.68	
1323/42	163	5a	163	6	0	0	0.00	6.87	280	143	0	6.00	10.00	20.00	2.00	0.00	0.00	0	4	-1	0	0	7	6	08/21/2002	0							-183.51	155.91	-531.68	-188.64	154.39	-535.97	
1323/42	120	1	170	1	0	0	0.00	4.57	86	95	0	3.00	0.50	3.00	4.00	0.00	0.00	0	4	1	0	0	9	8	08/19/2002	0							83.67	315.28	-598.47	88.12	316.16	-598.11	
1323/42	170	1	170	2	0	0	0.00	14.06	37	148	0	1.00	2.50	3.00	1.00	0.00	0.00	0	4	1	0	0	9	11	08/19/2002	0							88.12	316.16	-598.11	93.95	324.56	-607.71	
1323/42	170	2	170	3	0	0	0.00	3.13	50	83	0	0.30	2.50	3.00	1.00	0.00	0.00	0	4	1	0	0	9	11	08/19/2002	0							93.95	324.56	-607.71	96.13	326.63	-606.89	
1323/42	170	3	170	4	0	0	0.00	6.05	67	112	0	1.50	0.50	2.00	5.00	0.00	0.00	0	4	1	0	0	9	11	08/19/2002	0							96.13	326.63	-606.89	101.35	329.44	-608.02	
1323/42	170	4	170	5	0	0	0.00	1.31	45	110	0	0.50	1.00	1.50	3.00	0.00	0.00	0	4	1	0	0	9	11	08/19/2002	0							101.35	329.44	-608.02	102.21	330.39	-608.23	
1323/42	170	5	170	6	0	0	0.00	3.03	26	180	0	1.00	1.00	0.00	1.00	0.00	0.00	0	4	1	0	0	9	11	08/19/2002	0							102.21	330.39	-608.23	102.60	331.24	-611.10	
1323/42	170	6	170	7	0	0	0.00	3.33	67	122	0	1.00	1.50	1.50	2.00	0.00	0.00	0	4	1	0	0	9	11	08/19/2002	0							102.60	331.24	-611.10	105.36	332.72	-612.23	
1323/42	170	7	170	8	0	0	0.00	5.46	41	154	0	0.50	4.00	6.00	0.00	0.00	0.00	0	4	1	0	0	9	11	08/19/2002	0	Mittagsschacht, P33						105.36	332.72	-612.23	107.59	335.55	-616.32	
1323/42	170	8	170	9	0	0	0.00	33.24	60	200	0	0.00	5.00	7.00	0.00	0.00	0.00	0	4	1	0	0	9	11	08/19/2002	0							107.59	335.55	-616.32	107.59	335.55	-649.56	
1323/42	170	9	170	10	0	0	0.00	2.57	322	114	0	3.00	5.00	30.00	2.00	0.00	0.00	0	4	1	0	170	9	11	09/01/2003	0							107.59	335.55	-649.56	105.26	336.46	-650.11	
1323/42	170	10	170	11	0	0	0.00	10.60	26	76	0	0.00	1.00	1.00	2.00	0.00	0.00	0	4	1	0	170	9	11	09/01/2003	0							105.26	336.46	-650.11	109.41	345.37	-646.22	
1323/42	170	11	170	12	0	0	0.00	3.48	27	96	0	2.00	0.00	20.00	15.00	0.00	0.00	0	4	1	0	170	9	11	09/01/2003	0							109.41	345.37	-646.22	110.92	348.48	-646.01	
1323/42	170	12	170	13	0	0	0.00	5.53	397	141	0	10.00	3.00	20.00	0.00	0.00	0.00	0	4	1	0	170	9	11	09/01/2003	0							110.92	348.48	-646.01	110.83	352.89	-649.32	
1323/42	170	13	100	12	0	0	0.00	10.63	315	122	0	2.00	4.00	10.00	0.00	0.00	0.00	0	4	1	0	170	9	11	09/01/2003	0							110.83	352.89	-649.32	101.21	355.48	-652.91	
1323/42	120	18	171	1	0	0	0.00	7.63	326	52	0	2.00	2.00	3.00	1.00	0.00	0.00	0	4	-1	0	0	7	6	08/19/2002	0							185.43	409.72	-606.57	180.40	412.05	-601.36	
1323/42	120	18	172	1	0	0	0.00	7.51	3	73	0	0.00	0.00	3.00	5.00	0.00	0.00	0	4	1	0	0	7	6	08/19/2002	0							185.43	409.72	-606.57	185.93	416.52	-603.49	
1323/42	120	18	173	1	0	0	0.00	6.50	34	110	0	3.00	6.00	5.00	1.50	0.00	0.00	0	4	1	0	0	7	6	08/19/2002	0							185.43	409.72	-606.57	188.83	415.14	-607.58	
1323/42	173	1	173	2	0	0	0.00	10.84	8	62	0	0.00	0.50	2.00	2.00	0.00	0.00	0	4	1	0	0	7	6	08/19/2002	0							188.83	415.14	-607.58	190.18	423.98	-601.51	
1323/42	173	1	174	1	0	0	0.00	7.27	101	108	0	1.50	2.00	0.50	2.00	0.00	0.00	0	4	1	0	0	7	6	08/19/2002	0							188.83	415.14	-607.58	196.01	414.84	-608.49	
1323/42	174	1	174	2	0	0	0.00	8.47	3	113	0	1.00	0.50	0.10	0.20	0.00	0.00	0	4	1	0	0	7	6	08/19/2002	0							196.01	414.84	-608.49	196.61	423.09	-610.20	
1323/42	170	9	175	1	0	0	0.00	3.94	122	76	0	1.00	10.00	20.00	1.00	0.00	0.00	0	4	1	0	0	9	11	09/01/2003	0							107.59	335.55	-649.56	110.99	334.22	-648.11	
1323/42	175	1	175	2	0	0	0.00	7.43	37	68	0	1.00	2.00	3.00	1.00	0.00	0.00	0	4	1	0	0	9	11	09/01/2003	0							110.99	334.22	-648.11	114.70	339.54	-644.54	
1323/42	175	2	175	3	0	0	0.00	6.28	31	105	0	0.00	0.30	3.00	1.00	0.00	0.00	0	4	1	0	0	9	11	09/01/2003	0							114.70	339.54	-644.54	117.77	344.98	-645.03	
1323/42	175	3	175	4	0	0	0.00	10.00	55	100	0	0.10	0.10	3.00	1.00	0.00	0.00	0	4	1	0	0	9	11	09/01/2003	0							117.77	344.98	-645.03	125.53	351.24	-645.03	
1323/42	170	9	176	1	0	0	0.00	3.74	308	110	0	3.00	5.00	30.00	4.00	0.00	0.00	0	4	1	0	0	9	11	09/01/2003	0							107.59	335.55	-649.56	103.95	336.11	-650.14	
1323/42	176	1	176	2	0	0	0.00	3.71	308	200	0	0.00	1.50	5.00	0.00	0.00	0.00	0	4	1	0	0	9	11	09/01/2003	0							103.95	336.11	-650.14	103.95	336.11	-653.85	
1323/42	176	2	176	3	0	0	0.00	5.88	12	129	0	1.00	6.00	3.00	1.50	0.00	0.00	0	4	1	0	0	9	11	09/01/2003	0							103.95	336.11	-653.85	105.08	341.25	-656.43	
1323/42	176	3	176	4	0	0	0.00	6.94	162	95	0	3.00	5.00	1.50	0.30	0.00	0.00	0	4	1	0	0	9	11	09/01/2003	0							105.08	341.25	-656.43	108.80	335.44	-655.88	
1323/42	176	4	176	5	0	0	0.00	4.16	44	116	0	0.00	1.00	1.00	5.00	0.00	0.00	0	4	1	0	0	9	11	09/01/2003	0							108.80	335.44	-655.88	111.44	338.47	-656.92	
1323/42	176	5	176	6	0	0	0.00	6.76	65	153	0	0.30	0.50	20.00	0.00	0.00	0.00	0	4	1	0	0	9	11	09/01/2003	0							111.44	338.47	-656.92	115.38	340.73	-661.90	
1323/42	176	6	176	7	0	0	0.00	8.24	62	58	0	1.00	0.00	7.00	2.00	0.00	0.00	0	4	1	0	0	9	11	09/01/2003	0							115.38	340.73	-661.90	120.84	344.23	-656.87	
1323/42	176	7	176	8	0	0	0.00	6.14	43	87	0	0.00	2.00	5.00	4.00	0.00	0.00	0	4	1	0	0	9	11	09/01/2003	0	P10						120.84	344.23	-656.87	124.72	348.81	-655.63	
1323/42	176	8	176	9	0	0	0.00	3.29	43	200	0	0.00	0.00	0.00	0.00	0.00	0.00	0	4	1	0	0	9	11	09/01/2003	0							124.72	348.81	-655.63	124.72	348.81	-658.92	
1323/42	176	9	176	10	0	0	0.00	2.01	145	106	0	0.50	1.00	4.00	5.00	0.00	0.00	0	4	1	0	0	9	11	09/01/2003	0							124.72	348.81	-658.92	126.20	347.47	-659.10	
1323/42	176	10	176	11	0	0	0.00	6.21	145	200	0	0.00	0.00	0.00	0.00	0.00	0.00	0	4	1	0	0	9	11	09/01/2003	0							126.20	347.47	-659.10	126.20	347.47	-665.31	
1323/42	176	8	177	1	0	0	0.00	3.23	98	120	0	0.40	0.00	7.00	3.00	0.00	0.00	0	4	1	0	0	9	11	09/01/2003	0							124.72	348.81	-655.63	127.78	348.82	-656.62	
1323/42	177	1	177	2	0	0	0.00	7.48	66	90	0	0.00	2.00	3.00	1.00	0.00	0.00	0	4	1	0	0	9	11	09/01/2003	0							127.78	348.82	-656.62	134.22	352.39	-655.46	
1323/42	177	2	177	3	0	0	0.00	5.09	53	52	0	0.00	0.00	0.00	0.00	0.00	0.00	0	4	1	0	0	9	11	09/01/2003	0							134.22	352.39	-655.46	137.02	354.81	-651.98	
1323/42	177	2	178	1	0	0	0.00	2.52	5	92	0	0.00	0.00	0.00	0.00	0.00	0.00	0	4	1	0	0	9	11	09/01/2003	0	P15						134.22	352.39	-655.46	134.48	354.87	-655.14	
1323/42	178	1	178	2	0	0	0.00	15.07	5	200	0	0.00	0.00	0.00	0.00	0.00	0.00	0	4	1	0	0	9	11	09/01/2003	0							134.48	354.87	-655.14	134.48	354.87	-670.21	
1323/42	129	1	180	1	0	0	0.00	9.45	103	87	0	10.00	2.00	10.00	2.00	0.00	0.00	0	4	1	0	0	7	5	09/01/2003	0							203.66	438.02	-642.58	212.86	437.33	-640.67	
1323/42	180	1	180	2	0	0	0.00	1.39	103	0	0	0.00	0.00	0.00	0.00	0.00	0.00	0	4	1	0	0	7	5	09/01/2003	0							212.86	437.33	-640.67	212.86	437.33	-639.28	
1323/42	180	2	180	3	0	0	0.00	5.66	90	80	0	3.00	3.00	3.00	0.00	0.00	0.00	0	4	1	0	0	7	5	09/01/2003	0							212.86	437.33	-639.28	218.18	438.03	-637.54	
1323/42	180	3	180	4	0	0	0.00	6.19	125	93	0	3.00	4.00	2.00	0.00	0.00	0.00	0	4	1	0	0	7	5	09/01/2003	0	Querung						218.18	438.03	-637.54	223.78	435.53	-636.86	
1323/42	180	4	180	5	0	0	0.00	3.72	80	35	0	2.00	1.00	2.00	0.00	0.00	0.00	0	4	1	0	0	7	5	09/01/2003	0							223.78	435.53	-636.86	225.64	436.08	-633.69	
1323/42	180	5	180	6	0	0	0.00	3.80	99	80	0	2.00	3.00	3.00	0.50	0.00	0.00	0	4	1	0	0	7	5	09/01/2003	0							225.64	436.08	-633.69	229.24	436.03	-632.52	
1323/42	180	6	180	7	0	0	0.00	2.92	99	0	0	5.00	5.00	0.00	0.00	0.00	0.00	0	4	1	0	0	7	5	09/01/2003	0							229.24	436.03	-632.52	229.24	436.03	-629.60	
1323/42	180	7	180	8	0	0	0.00	8.08	210	76	0	10.00	10.00	4.00	3.00	0.00	0.00	0	4	1	0	0	7	5	09/01/2003	0							229.24	436.03	-629.60	227.87	428.67	-626.64	
1323/42	180	8	180	9	0	0	0.00	15.82	269	82	0	10.00	2.00	3.00	1.00	0.00	0.00	0	4	-1	0	0	7	5	09/01/2003	0							227.87	428.67	-626.64	214.29	421.95	-622.24	
1323/42	180	9	180	10	0	0	0.00	9.89	245	61	0	4.00	4.00	1.00	1.00	0.00	0.00	0	4	-2	0	0	7	5	09/01/2003	0							214.29	421.95	-622.24	208.89	415.96	-616.57	
1323/42	180	10	180	11	0	0	0.00	9.33	264	65	0	0.00	2.00	20.00	1.00	0.00	0.00	0	4	-2	0	0	7	5	09/01/2003	0							208.89	415.96	-616.57	202.08	411.90	-611.70	
1323/42	180	11	180	12	0	0	0.00	4.65	275	72	0	1.00	2.00	1.00	0.50	0.00	0.00	0	4	-2	0	0	7	5	09/01/2003	0							202.08	411.90	-611.70	198.16	410.40	-609.73	
1323/42	125	25	181	1	0	0	0.00	10.43	264	97	0	0.00	1.00	20.00	2.00	0.00	0.00	0	4	1	0	0	15	5	09/02/2003	0							204.77	469.35	-686.39	195.85	464.02	-685.90	
1323/42	125	28	182	1	0	0	0.00	4.90	158	112	0	2.00	4.00	40.00	4.00	0.00	0.00	0	4	1	0	0	15	5	09/02/2003	0							190.96	471.23	-742.19	193.80	467.36	-743.10	
1323/42	182	1	182	2	0	0	0.00	3.79	57	129	0	0.50	0.20	2.00	3.00	0.00	0.00	0	4	1	0	0	15	5	09/02/2003	0							193.80	467.36	-743.10	196.50	469.41	-744.77	
1323/42	182	2	182	3	0	0	0.00	4.12	47	165	0	0.50	0.50	2.00	0.50	0.00	0.00	0	4	1	0	0	15	5	09/02/2003	0							196.50	469.41	-744.77	197.99	470.96	-748.27	
1323/42	125	35	183	1	0	0	0.00	4.54	74	76	0	2.00	5.00	30.00	2.00	0.00	0.00	0	4	1	0	0	15	5	09/02/2003	0							201.16	496.58	-759.33	205.07	498.14	-757.66	
1323/42	183	1	183	2	0	0	0.00	8.23	0	54	0	1.50	3.00	40.00	1.00	0.00	0.00	0	4	1	0	0	15	5	09/02/2003	0							205.07	498.14	-757.66	205.24	504.30	-752.23	
1323/42	183	2	183	3	0	0	0.00	8.94	399	81	0	0.00	3.00	10.00	2.00	0.00	0.00	0	4	1	0	0	15	5	09/02/2003	0							205.24	504.30	-752.23	205.34	512.82	-749.61	
1323/42	183	3	183	4	84234	85582	0.00	13.48	390	150	0	2.00	0.00	10.00	3.00	0.00	0.00	0	6	1	0	0	15	5	09/12/2007	0	P 8						205.34	512.82	-749.61	204.22	522.26	-759.12	
1323/42	183	4	183	5	85590	86575	0.00	9.85	363	162	0	0.00	1.50	10.00	1.00	0.00	0.00	0	6	1	0	0	15	5	09/12/2007	0							204.22	522.26	-759.12	201.37	526.99	-767.25	
1323/42	183	5	183	6	86575	87187	0.00	6.12	15	122.5	0	1.00	1.00	5.00	0.00	0.00	0.00	0	6	1	0	0	15	5	09/12/2007	0							201.37	526.99	-767.25	202.92	532.50	-769.36	
1323/42	183	6	183	7	87187	87620	0.00	4.33	0	107	0	1.50	2.00	2.00	1.00	0.00	0.00	0	6	1	0	0	15	5	09/12/2007	0							202.92	532.50	-769.36	203.08	536.79	-769.84	
1323/42	183	7	183	8	87621	87959	0.00	3.38	15	102	0	2.00	0.50	0.50	2.00	0.00	0.00	0	6	1	0	0	15	5	09/12/2007	0							203.08	536.79	-769.84	204.00	540.03	-769.94	
1323/42	183	8	183	9	87959	88274	0.00	3.15	15	200	0	0.50	0.50	0.50	0.50	0.00	0.00	0	6	1	0	0	15	5	09/12/2007	0							204.00	540.03	-769.94	204.00	540.03	-773.09	
1323/42	183	5	183	5a	88276	89488	0.00	12.12	223	113	0	1.00	1.00	10.00	4.00	0.00	0.00	0	6	-1	0	0	15	5	09/12/2007	0							201.37	526.99	-767.25	196.76	516.10	-769.70	
1323/42	180	8	184	1	0	0	0.00	18.91	130	68	0	5.00	4.00	5.00	2.00	0.00	0.00	0	4	1	0	0	7	5	09/03/2003	0	Stuwwel-Petr, P24						227.87	428.67	-626.64	242.38	420.77	-617.55	
1323/42	184	1	184	2	0	0	0.00	12.40	123	72	0	5.00	3.00	1.00	0.50	0.00	0.00	0	4	1	0	0	7	5	09/03/2003	0	Jackpot						242.38	420.77	-617.55	252.73	416.53	-612.29	
1323/42	184	2	184	3	0	0	0.00	8.34	124	77	0	5.00	1.00	3.00	1.00	0.00	0.00	0	4	1	0	0	7	5	09/03/2003	0							252.73	416.53	-612.29	259.88	413.47	-609.35	
1323/42	184	3	184	4	0	0	0.00	10.18	43	106	0	2.00	3.00	20.00	2.00	0.00	0.00	0	4	1	0	0	7	5	09/03/2003	0							259.88	413.47	-609.35	266.41	421.18	-610.31	
1323/42	184	4	184	5	0	0	0.00	9.49	44	101	0	0.50	0.30	10.00	2.00	0.00	0.00	0	4	1	0	0	7	5	09/03/2003	0							266.41	421.18	-610.31	272.63	428.30	-610.45	
1323/42	184	1	185	1	0	0	0.00	5.36	24	131	0	0.50	3.00	10.00	20.00	0.00	0.00	0	4	1	0	0	7	5	09/03/2003	0							242.38	420.77	-617.55	244.24	425.11	-620.05	
1323/42	185	1	185	2	0	0	0.00	4.32	205	200	0	0.50	3.00	3.00	0.00	0.00	0.00	0	6	1	0	0	7	5	08/24/2004	0							244.24	425.11	-620.05	244.24	425.11	-624.37	
1323/42	185	2	185	3	0	0	0.00	7.12	205	126	0	0.50	0.50	3.00	1.00	0.00	0.00	0	6	1	0	0	7	5	08/24/2004	0							244.24	425.11	-624.37	243.51	418.64	-627.19	
1323/42	185	3	185	4	0	0	0.00	7.68	196	96	0	2.00	0.50	10.00	1.00	0.00	0.00	0	6	1	0	0	7	5	08/24/2004	0							243.51	418.64	-627.19	243.73	411.00	-626.71	
1323/42	185	4	185	5	0	0	0.00	3.83	204	105	0	1.50	0.00	4.00	4.00	0.00	0.00	0	6	1	0	0	7	5	08/24/2004	0							243.73	411.00	-626.71	243.36	407.22	-627.01	
1323/42	185	5	185	6	0	0	0.00	10.07	200	124	0	4.00	1.00	10.00	2.00	0.00	0.00	0	6	1	0	0	7	5	08/24/2004	0							243.36	407.22	-627.01	243.05	397.89	-630.71	
1323/42	185	6	185	7	0	0	0.00	3.88	116	88.5	0	1.00	1.00	5.00	1.50	0.00	0.00	0	6	1	0	0	7	5	08/24/2004	0							243.05	397.89	-630.71	246.70	396.82	-630.01	
1323/42	184	3	186	1	0	0	0.00	6.42	125	49	0	5.00	3.00	1.00	2.00	0.00	0.00	0	4	1	0	0	7	5	09/03/2003	0							259.88	413.47	-609.35	263.95	411.65	-604.75	
1323/42	186	1	186	2	0	0	0.00	12.03	112	66	0	7.00	0.00	2.00	1.00	0.00	0.00	0	4	1	0	0	7	5	09/03/2003	0							263.95	411.65	-604.75	274.03	409.44	-598.64	
1323/42	186	2	186	3	0	0	0.00	6.33	246	95	0	3.00	2.00	20.00	1.00	0.00	0.00	0	4	-1	0	0	7	5	09/03/2003	0							274.03	409.44	-598.64	269.75	404.84	-598.15	
1323/42	184	2	187	1	0	0	0.00	11.20	76	114	0	1.00	1.00	0.00	1.00	0.00	0.00	0	4	1	0	0	7	5	09/03/2003	0	P8						252.73	416.53	-612.29	262.96	420.26	-614.73	
1323/42	187	1	187	2	0	0	0.00	10.20	44	153	0	2.00	5.00	10.00	0.00	0.00	0.00	0	4	1	0	0	7	5	09/03/2003	0							262.96	420.26	-614.73	267.47	425.42	-622.25	
1323/42	187	2	187	3	0	0	0.00	3.75	44	200	0	2.00	1.00	14.00	0.00	0.00	0.00	0	4	1	0	0	7	5	09/03/2003	0							267.47	425.42	-622.25	267.47	425.42	-626.00	
1323/42	187	3	187	4	0	0	0.00	4.34	356	97	0	1.00	1.00	0.00	0.00	0.00	0.00	0	4	-1	0	0	7	5	09/03/2003	0	P16						267.47	425.42	-626.00	264.81	428.82	-625.80	
1323/42	187	4	187	5	0	0	0.00	15.22	356	200	0	0.00	0.00	0.00	0.00	0.00	0.00	0	4	1	0	0	7	5	09/03/2003	0							264.81	428.82	-625.80	264.81	428.82	-641.02	
1323/42	184	4	188	1	0	0	0.00	4.35	6	84	0	0.80	0.00	10.00	10.00	0.00	0.00	0	4	1	0	0	7	5	09/03/2003	0							266.41	421.18	-610.31	266.92	425.35	-609.23	
1323/42	148	21	190	1	0	0	0.00	11.45	219	72	0	4.00	2.00	6.00	0.50	0.00	0.00	0	4	-1	0	0	3	5	09/03/2003	0	Halle über Frankenloch						-248.84	65.30	-529.88	-252.14	55.52	-525.02	
1323/42	190	1	190	2	0	0	0.00	10.15	273	74	0	0.00	8.00	2.50	1.00	0.00	0.00	0	4	-1	0	0	3	5	09/03/2003	0							-252.14	55.52	-525.02	-260.71	51.93	-521.00	
1323/42	190	2	190	3	0	0	0.00	11.62	262	64	0	8.00	4.00	1.50	0.00	0.00	0.00	0	4	-1	0	0	3	5	09/03/2003	0							-260.71	51.93	-521.00	-268.95	46.65	-514.79	
1323/42	190	3	190	4	0	0	0.00	9.98	227	88	0	0.00	0.50	2.00	2.00	0.00	0.00	0	4	-1	0	0	3	5	09/03/2003	0							-268.95	46.65	-514.79	-273.21	37.86	-512.93	
1323/42	190	4	190	5	0	0	0.00	8.40	240	64	0	0.50	0.00	0.00	2.00	0.00	0.00	0	4	-1	0	0	3	5	09/03/2003	0							-273.21	37.86	-512.93	-277.52	32.26	-508.44	
1323/42	190	5	190	6	0	0	0.00	4.14	242	88	0	0.00	2.00	6.00	1.50	0.00	0.00	0	4	-1	0	0	3	5	09/03/2003	0							-277.52	32.26	-508.44	-280.09	29.12	-507.67	
1323/42	190	6	190	7	0	0	0.00	7.94	276	122	0	2.00	0.00	2.00	2.00	0.00	0.00	0	4	-1	0	0	3	5	09/03/2003	0							-280.09	29.12	-507.67	-287.09	26.57	-510.35	
1323/42	190	7	190	8	0	0	0.00	4.06	235	109	0	1.50	2.00	4.00	1.50	0.00	0.00	0	4	-1	0	0	3	5	09/03/2003	0							-287.09	26.57	-510.35	-289.28	23.21	-510.92	
1323/42	190	8	190	9	0	0	0.00	10.56	193	49	0	0.00	1.50	10.00	2.00	0.00	0.00	0	4	-1	0	0	3	5	09/03/2003	0	E7						-289.28	23.21	-510.92	-288.67	15.91	-503.35	
1323/42	190	9	190	10	0	0	0.00	9.49	260	69	0	0.00	3.00	6.00	1.50	0.00	0.00	0	4	-1	0	0	3	5	09/03/2003	0							-288.67	15.91	-503.35	-295.57	11.18	-498.93	
1323/42	190	10	190	11	0	0	0.00	4.29	256	101	0	1.00	2.00	2.00	0.00	0.00	0.00	0	4	-1	0	0	3	5	09/03/2003	0							-295.57	11.18	-498.93	-298.93	8.54	-498.99	
1323/42	190	11	190	12	0	0	0.00	11.38	265	123	0	1.50	3.00	6.00	2.00	0.00	0.00	0	4	-1	0	0	3	5	09/03/2003	0							-298.93	8.54	-498.99	-308.13	3.25	-503.00	
1323/42	190	12	190	13	0	0	0.00	7.81	286	120	0	2.00	0.00	0.00	0.00	0.00	0.00	0	4	-1	0	0	3	5	09/03/2003	0	P12						-308.13	3.25	-503.00	-315.40	1.83	-505.41	
1323/42	190	13	190	14	0	0	0.00	8.72	278	137	0	0.00	2.00	2.00	8.00	0.00	0.00	0	4	-1	0	0	3	5	09/04/2003	0							-315.40	1.83	-505.41	-322.30	-0.44	-510.18	
1323/42	190	14	190	15	0	0	0.00	5.66	273	185	0	2.00	5.00	6.00	6.00	0.00	0.00	0	4	-1	0	0	3	5	09/04/2003	0							-322.30	-0.44	-510.18	-323.52	-0.95	-515.68	
1323/42	190	15	190	16	0	0	0.00	10.48	205	125	0	4.00	0.00	8.00	3.00	0.00	0.00	0	4	-1	0	0	3	5	09/04/2003	0							-323.52	-0.95	-515.68	-324.54	-10.55	-519.68	
1323/42	190	16	190	17	0	0	0.00	10.51	248	29	0	0.30	0.80	0.50	3.00	0.00	0.00	0	4	-1	0	0	3	5	09/04/2003	0	E10						-324.54	-10.55	-519.68	-327.79	-13.83	-510.26	
1323/42	190	17	190	18	0	0	0.00	6.20	310	64	0	2.00	0.00	0.70	1.80	0.00	0.00	0	4	-1	0	0	3	5	09/04/2003	0							-327.79	-13.83	-510.26	-332.92	-12.87	-506.94	
1323/42	190	18	190	19	0	0	0.00	6.14	265	101	0	0.60	0.00	3.00	1.50	0.00	0.00	0	4	-1	0	0	3	5	09/04/2003	0							-332.92	-12.87	-506.94	-338.23	-15.93	-507.04	
1323/42	190	19	190	20	0	0	0.00	3.62	250	69	0	0.20	0.70	3.00	3.00	0.00	0.00	0	4	-1	0	0	3	5	09/04/2003	0							-338.23	-15.93	-507.04	-340.54	-18.12	-505.35	
1323/42	190	20	190	21	0	0	0.00	1.81	300	131	0	0.80	0.00	4.00	1.50	0.00	0.00	0	4	-1	0	0	3	5	09/04/2003	0							-340.54	-18.12	-505.35	-342.14	-18.08	-506.20	
1323/42	190	21	190	22	0	0	0.00	4.56	253	103	0	0.50	0.50	4.00	2.50	0.00	0.00	0	4	-1	0	0	3	5	09/04/2003	0							-342.14	-18.08	-506.20	-345.58	-21.04	-506.41	
1323/42	190	22	190	23	0	0	0.00	3.25	300	103	0	2.50	0.00	4.00	2.00	0.00	0.00	0	4	-1	0	0	3	5	09/04/2003	0							-345.58	-21.04	-506.41	-348.81	-20.95	-506.56	
1323/42	190	23	190	24	0	0	0.00	4.26	367	77	0	0.80	0.00	2.00	2.00	0.00	0.00	0	4	-1	0	0	3	5	09/04/2003	0							-348.81	-20.95	-506.56	-350.68	-17.45	-505.06	
1323/42	190	24	190	25	0	0	0.00	4.27	296	97	0	0.80	0.00	0.50	0.70	0.00	0.00	0	4	-1	0	0	3	5	09/04/2003	0							-350.68	-17.45	-505.06	-354.93	-17.60	-504.86	
1323/42	190	25	190	26	0	0	0.00	7.16	262	98	0	1.00	0.20	0.60	2.00	0.00	0.00	0	4	-1	0	0	3	5	09/04/2003	0							-354.93	-17.60	-504.86	-360.94	-21.44	-504.64	
1323/42	190	26	190	27	0	0	0.00	1.58	201	85	0	0.30	0.70	1.50	1.80	0.00	0.00	0	4	-1	0	0	3	5	09/05/2003	0							-360.94	-21.44	-504.64	-361.00	-22.97	-504.27	
1323/42	190	27	190	28	0	0	0.00	5.78	252	106	0	0.00	1.00	1.50	3.00	0.00	0.00	0	4	-1	0	0	3	5	09/05/2003	0							-361.00	-22.97	-504.27	-365.29	-26.78	-504.81	
1323/42	190	28	190	29	0	0	0.00	4.00	278	116	0	2.00	0.00	1.00	1.00	0.00	0.00	0	4	-1	0	0	3	5	09/05/2003	0	Zick-Zack-Mäander						-365.29	-26.78	-504.81	-368.96	-27.99	-505.80	
1323/42	190	29	190	30	0	0	0.00	5.40	120	106	0	0.80	0.30	2.00	2.50	0.00	0.00	0	4	-1	0	0	3	5	09/05/2003	0							-368.96	-27.99	-505.80	-363.91	-29.79	-506.31	
1323/42	190	30	190	31	0	0	0.00	1.47	145	48	0	0.30	1.20	3.00	3.00	0.00	0.00	0	4	-1	0	0	3	5	09/05/2003	0							-363.91	-29.79	-506.31	-363.17	-30.46	-505.24	
1323/42	190	31	190	32	0	0	0.00	6.70	236	97	0	0.60	0.00	2.00	2.00	0.00	0.00	0	4	-1	0	0	3	5	09/05/2003	0							-363.17	-30.46	-505.24	-366.89	-35.99	-504.93	
1323/42	190	32	190	33	0	0	0.00	4.85	121	53	0	0.40	2.00	0.00	5.00	0.00	0.00	0	4	-1	0	0	3	5	09/05/2003	0	Flintstone-Halle						-366.89	-35.99	-504.93	-363.54	-37.24	-501.67	
1323/42	190	33	190	34	0	0	0.00	11.73	188	49	0	0.60	0.00	0.00	0.00	0.00	0.00	0	4	-1	0	0	3	5	09/05/2003	0	E8						-363.54	-37.24	-501.67	-362.23	-45.28	-493.26	
1323/42	190	34	190	35	0	0	0.00	5.45	111	99	0	0.00	0.80	2.00	3.00	0.00	0.00	0	4	-1	0	0	3	5	09/05/2003	0							-362.23	-45.28	-493.26	-356.91	-46.36	-493.18	
1323/42	190	35	190	36	0	0	0.00	6.41	222	77	0	0.00	1.50	8.00	2.00	0.00	0.00	0	4	-1	0	0	3	5	09/05/2003	0							-356.91	-46.36	-493.18	-359.09	-51.93	-490.92	
1323/42	190	36	190	37	0	0	0.00	7.26	245	79	0	0.30	0.60	6.00	1.20	0.00	0.00	0	4	-1	0	0	3	5	09/05/2003	0							-359.09	-51.93	-490.92	-363.68	-57.01	-488.58	
1323/42	190	37	190	38	0	0	0.00	3.51	219	53	0	0.50	0.30	1.50	1.80	0.00	0.00	0	4	-1	0	0	3	5	09/05/2003	0							-363.68	-57.01	-488.58	-364.50	-59.46	-486.22	
1323/42	190	38	190	39	0	0	0.00	6.25	210	96	0	0.70	0.30	3.00	1.00	0.00	0.00	0	4	-1	0	0	3	5	09/05/2003	0							-364.50	-59.46	-486.22	-365.64	-65.58	-485.83	
1323/42	190	39	190	40	0	0	0.00	2.23	79	105	0	0.00	0.50	2.00	0.60	0.00	0.00	0	4	-1	0	0	3	5	09/05/2003	0							-365.64	-65.58	-485.83	-363.53	-64.92	-486.00	
1323/42	190	40	190	41	0	0	0.00	4.01	110	102	0	0.60	0.00	1.50	0.50	0.00	0.00	0	4	-1	0	0	3	5	09/05/2003	0							-363.53	-64.92	-486.00	-359.60	-65.65	-486.13	
1323/42	190	41	190	42	0	0	0.00	4.27	68	102	0	0.30	0.50	1.00	0.00	0.00	0.00	0	4	-1	0	0	3	5	09/05/2003	0							-359.60	-65.65	-486.13	-355.82	-63.70	-486.26	
1323/42	190	42	190	43	0	0	0.00	8.24	58	92	0	0.50	1.20	1.80	0.50	0.00	0.00	0	4	-1	0	0	3	5	09/05/2003	0							-355.82	-63.70	-486.26	-349.25	-58.89	-485.23	
1323/42	190	43	190	44	0	0	0.00	2.71	162	63	0	0.00	1.20	0.60	0.60	0.00	0.00	0	4	-1	0	0	3	5	09/05/2003	0							-349.25	-58.89	-485.23	-348.03	-60.79	-483.75	
1323/42	190	44	190	45	0	0	0.00	6.56	120	99	0	0.00	1.00	0.00	0.60	0.00	0.00	0	4	-1	0	0	3	5	09/05/2003	0							-348.03	-60.79	-483.75	-341.87	-62.98	-483.65	
1323/42	190	45	190	46	0	0	0.00	9.96	195	71	0	1.20	0.20	1.20	0.50	0.00	0.00	0	4	-1	0	0	3	5	09/05/2003	0							-341.87	-62.98	-483.65	-341.41	-71.88	-479.28	
1323/42	190	46	190	47	0	0	0.00	6.32	127	104	0	0.00	1.20	0.00	1.00	0.00	0.00	0	4	-1	0	0	3	5	09/05/2003	0							-341.41	-71.88	-479.28	-335.76	-74.63	-479.67	
1323/42	190	47	190	48	0	0	0.00	7.45	166	97	0	1.00	0.60	0.00	0.60	0.00	0.00	0	4	-1	0	0	3	5	09/05/2003	0							-335.76	-74.63	-479.67	-332.16	-81.11	-479.32	
1323/42	190	48	190	49	0	0	0.00	7.29	233	58	0	1.00	0.00	2.00	2.00	0.00	0.00	0	4	-1	0	0	3	5	09/05/2003	0							-332.16	-81.11	-479.32	-335.14	-86.02	-474.87	
1323/42	190	49	190	50	0	0	0.00	12.39	183	89	0	2.00	5.00	1.80	1.00	0.00	0.00	0	4	-1	0	0	3	5	09/05/2003	0							-335.14	-86.02	-474.87	-332.25	-97.84	-472.74	
1323/42	190	50	190	51	0	0	0.00	8.13	135	45	0	1.00	2.00	6.00	1.20	0.00	0.00	0	6	-1	0	0	3	5	08/25/2004	0	E6						-332.25	-97.84	-472.74	-327.85	-100.74	-466.58	
1323/42	190	51	190	52	0	0	0.00	5.31	14	10	0	0.00	0.00	1.00	3.00	0.00	0.00	0	6	-1	0	0	3	5	08/25/2004	0							-327.85	-100.74	-466.58	-327.65	-99.94	-461.33	
1323/42	190	52	190	53	0	0	0.00	15.88	136	99	0	0.00	1.00	0.00	1.00	0.00	0.00	0	6	-1	0	0	3	5	08/25/2004	0							-327.65	-99.94	-461.33	-314.58	-108.86	-461.08	
1323/42	190	53	190	54	0	0	0.00	7.13	155	91	0	1.00	0.50	0.50	0.30	0.00	0.00	0	6	-1	0	0	3	5	08/25/2004	0							-314.58	-108.86	-461.08	-310.19	-114.36	-460.08	
1323/42	190	54	190	55	0	0	0.00	1.38	176	105	0	1.20	0.00	1.50	2.50	0.00	0.00	0	6	-1	0	0	3	5	08/25/2004	0							-310.19	-114.36	-460.08	-309.73	-115.65	-460.19	
1323/42	190	55	190	56	0	0	0.00	6.17	208	107	0	1.00	2.00	0.50	1.30	0.00	0.00	0	6	-1	0	0	3	5	08/25/2004	0							-309.73	-115.65	-460.19	-310.70	-121.69	-460.87	
1323/42	190	56	190	57	0	0	0.00	3.60	312	63	0	0.90	0.00	1.00	1.20	0.00	0.00	0	6	-1	0	0	3	5	08/25/2004	0							-310.70	-121.69	-460.87	-313.62	-121.03	-458.90	
1323/42	190	57	190	58	0	0	0.00	7.09	271	72	0	0.00	0.60	1.00	1.00	0.00	0.00	0	6	-1	0	0	3	5	08/25/2004	0							-313.62	-121.03	-458.90	-319.46	-123.65	-455.89	
1323/42	190	58	190	59	0	0	0.00	4.79	335	85	0	1.50	1.30	5.00	2.00	0.00	0.00	0	6	-1	0	0	3	5	08/25/2004	0							-319.46	-123.65	-455.89	-323.33	-121.09	-454.77	
1323/42	190	59	190	60	0	0	0.00	7.83	263	131	0	3.00	1.50	2.00	0.50	0.00	0.00	0	6	-1	0	0	3	5	08/25/2004	0							-323.33	-121.09	-454.77	-329.23	-124.68	-458.42	
1323/42	190	60	190	61	0	0	0.00	4.40	263	43	0	3.50	2.00	2.00	1.00	0.00	0.00	0	6	-1	0	0	3	5	08/25/2004	0							-329.23	-124.68	-458.42	-331.57	-126.11	-455.00	
1323/42	190	61	190	62	0	0	0.00	10.86	235	28	0	4.00	2.00	1.50	1.00	0.00	0.00	0	6	-1	0	0	3	5	08/25/2004	0	E10						-331.57	-126.11	-455.00	-334.11	-129.96	-445.18	
1323/42	190	62	190	63	0	0	0.00	1.48	235	200	0	0.60	0.80	0.00	2.50	0.00	0.00	0	6	-1	0	0	3	5	08/25/2004	0							-334.11	-129.96	-445.18	-334.11	-129.96	-446.66	
1323/42	190	63	190	64	0	0	0.00	3.33	175	46	0	0.00	1.20	0.80	1.50	0.00	0.00	0	6	-1	0	0	3	5	08/25/2004	0							-334.11	-129.96	-446.66	-333.34	-132.02	-444.17	
1323/42	190	64	190	65	0	0	0.00	2.38	233	92	0	0.40	0.40	0.50	0.20	0.00	0.00	0	6	-1	0	0	3	5	08/25/2004	0							-333.34	-132.02	-444.17	-334.57	-134.03	-443.88	
1323/42	190	65	190	66	0	0	0.00	3.09	320	70	0	0.00	7.00	6.00	1.50	0.00	0.00	0	6	-1	0	0	3	5	08/25/2004	0							-334.57	-134.03	-443.88	-337.16	-133.09	-442.48	
1323/42	190	66	190	67	0	0	0.00	6.51	187	42	0	3.00	4.00	4.00	1.50	0.00	0.00	0	6	-1	0	0	3	5	08/26/2004	0							-337.16	-133.09	-442.48	-336.48	-137.01	-437.34	
1323/42	190	67	190	68	0	0	0.00	12.02	168	69	0	0.00	3.00	0.50	0.80	0.00	0.00	0	6	-1	0	0	3	5	08/26/2004	0							-336.48	-137.01	-437.34	-331.69	-146.46	-431.74	
1323/42	190	68	190	69	0	0	0.00	12.05	175	86	0	0.30	2.00	7.00	1.50	0.00	0.00	0	6	-1	0	0	3	5	08/26/2004	0							-331.69	-146.46	-431.74	-327.57	-157.44	-429.11	
1323/42	190	69	190	70	0	0	0.00	12.98	197	50	0	4.00	6.00	0.00	2.50	0.00	0.00	0	6	-1	0	0	3	5	08/26/2004	0							-327.57	-157.44	-429.11	-327.45	-166.59	-419.96	
1323/42	190	70	190	71	0	0	0.00	9.48	218	46	0	2.00	1.50	0.50	1.00	0.00	0.00	0	6	-1	0	0	3	5	08/26/2004	0							-327.45	-166.59	-419.96	-329.40	-172.54	-412.86	
1323/42	190	71	190	72	0	0	0.00	1.06	110	100	0	0.00	0.00	0.00	0.00	0.00	0.00	0	6	-1	0	0	3	5	08/23/2005	0							-329.40	-172.54	-412.86	-328.36	-172.74	-412.86	
1323/42	190	72	190	73	0	0	0.00	6.81	200	60	0	0.00	1.00	0.50	1.50	0.00	0.00	0	6	-1	0	0	3	5	08/23/2005	0							-328.36	-172.74	-412.86	-328.55	-178.23	-408.87	
1323/42	190	73	190	74	0	0	0.00	6.24	123	155	0	1.00	0.00	0.50	1.00	0.00	0.00	0	6	-1	0	0	3	5	08/23/2005	0	Ellie & Quinlan Hall						-328.55	-178.23	-408.87	-324.82	-179.79	-413.61	
1323/42	190	74	190	75	0	0	0.00	7.14	40	149.5	0	1.00	5.00	5.00	0.00	0.00	0.00	0	6	-1	0	0	3	5	08/23/2005	0							-324.82	-179.79	-413.61	-321.70	-175.79	-418.60	
1323/42	190	75	190	76	0	0	0.00	10.39	128	97	0	5.00	5.00	7.00	0.00	0.00	0.00	0	6	-1	0	0	3	5	08/23/2005	0							-321.70	-175.79	-418.60	-312.50	-180.53	-418.11	
1323/42	190	66	191	1	0	0	0.00	9.75	381	48	0	1.00	1.50	0.00	3.00	0.00	0.00	0	6	1	0	0	7	5	08/26/2004	0							-337.16	-133.09	-442.48	-338.90	-126.66	-435.39	
1323/42	191	1	191	2	0	0	0.00	14.72	395	106	0	1.80	3.00	1.00	1.00	0.00	0.00	0	6	1	0	0	7	5	08/26/2004	0							-338.90	-126.66	-435.39	-339.55	-112.07	-436.77	
1323/42	191	2	191	3	0	0	0.00	7.99	335	93	0	0.60	0.00	0.00	1.50	0.00	0.00	0	6	1	0	0	7	5	08/26/2004	0							-339.55	-112.07	-436.77	-346.16	-107.71	-435.89	
1323/42	191	3	191	4	0	0	0.00	8.41	328	95	0	0.00	0.70	1.30	5.00	0.00	0.00	0	6	1	0	0	7	5	08/26/2004	0							-346.16	-107.71	-435.89	-353.60	-103.90	-435.23	
1323/42	191	4	191	5	0	0	0.00	1.11	376	100	0	0.40	0.00	0.00	1.30	0.00	0.00	0	6	1	0	0	7	5	08/26/2004	0							-353.60	-103.90	-435.23	-353.97	-102.86	-435.23	
1323/42	191	5	191	6	0	0	0.00	5.52	318	97	0	0.70	0.80	4.00	0.50	0.00	0.00	0	6	1	0	0	7	5	08/26/2004	0							-353.97	-102.86	-435.23	-359.19	-101.15	-434.98	
1323/42	191	6	191	7	0	0	0.00	6.07	313	109	0	0.00	1.80	3.00	1.20	0.00	0.00	0	6	1	0	0	7	5	08/26/2004	0							-359.19	-101.15	-434.98	-365.01	-99.74	-435.83	
1323/42	191	7	191	8	0	0	0.00	9.90	360	139	0	3.00	4.00	3.50	0.00	0.00	0.00	0	6	1	0	0	7	5	08/26/2004	0							-365.01	-99.74	-435.83	-369.54	-93.05	-441.50	
1323/42	191	8	191	9	0	0	0.00	23.35	372	118	0	0.00	0.00	0.00	0.00	0.00	0.00	0	6	1	0	0	7	12	08/23/2005	0							-369.54	-93.05	-441.50	-378.33	-72.50	-448.00	
1323/42	191	9	191	10	0	0	0.00	7.28	95	120	0	0.00	0.00	0.00	0.00	0.00	0.00	0	6	1	0	0	7	12	08/23/2005	0							-378.33	-72.50	-448.00	-371.44	-72.20	-450.24	
1323/42	191	10	191	11	0	0	0.00	15.59	86	130	0	0.00	0.00	0.00	0.00	0.00	0.00	0	6	1	0	0	7	12	08/23/2005	0							-371.44	-72.20	-450.24	-357.82	-69.66	-457.30	
1323/42	191	11	191	12	0	0	0.00	10.44	336	113	0	0.00	0.00	0.00	0.00	0.00	0.00	0	6	1	0	0	7	12	08/23/2005	0							-357.82	-69.66	-457.30	-366.23	-63.90	-459.41	
1323/42	190	67	192	1	0	0	0.00	7.34	144	108.5	0	0.00	2.00	4.00	1.00	0.00	0.00	0	6	-1	0	0	7	5	08/24/2005	0							-336.48	-137.01	-437.34	-331.06	-141.83	-438.32	
1323/42	192	1	192	2	0	0	0.00	9.17	160	133	0	1.00	1.00	2.00	0.00	0.00	0.00	0	6	-1	0	0	7	5	08/24/2005	0							-331.06	-141.83	-438.32	-326.62	-148.42	-442.85	
1323/42	192	2	192	3	0	0	0.00	8.87	161	96.5	0	0.50	1.50	2.00	1.00	0.00	0.00	0	6	-1	0	0	7	5	08/24/2005	0							-326.62	-148.42	-442.85	-321.80	-155.81	-442.36	
1323/42	192	3	192	4	0	0	0.00	4.15	176	87.5	0	1.00	1.00	2.00	1.00	0.00	0.00	0	6	-1	0	0	7	5	08/24/2005	0							-321.80	-155.81	-442.36	-320.44	-159.64	-441.55	
1323/42	192	4	192	5	0	0	0.00	6.18	130	111	0	2.00	2.00	3.00	1.00	0.00	0.00	0	6	-1	0	0	7	5	08/24/2005	0							-320.44	-159.64	-441.55	-315.14	-162.58	-442.61	
1323/42	192	5	192	6	0	0	0.00	2.04	152	66	0	0.50	7.00	4.00	1.00	0.00	0.00	0	6	-1	0	0	7	5	08/24/2005	0							-315.14	-162.58	-442.61	-313.99	-163.90	-441.58	
1323/42	192	6	192	7	0	0	0.00	4.61	252	86	0	10.00	1.00	30.00	3.00	0.00	0.00	0	6	-1	0	0	7	5	08/24/2005	0							-313.99	-163.90	-441.58	-317.36	-166.85	-440.58	
1323/42	192	7	192	8	0	0	0.00	8.01	171	108	0	2.00	2.00	30.00	1.00	0.00	0.00	0	6	-1	0	0	7	5	08/24/2005	0							-317.36	-166.85	-440.58	-314.13	-174.08	-441.58	
1323/42	192	8	192	9	0	0	0.00	10.05	235	30	0	10.00	2.00	15.00	0.00	0.00	0.00	0	6	-1	0	0	7	5	08/24/2005	0							-314.13	-174.08	-441.58	-316.65	-177.88	-432.64	
1323/42	191	8	193	14	0	0	0.00	19.15	388	134.5	0	0.00	0.00	0.00	0.00	0.00	0.00	0	6	1	0	0	7	5	08/23/2005	0	Waldstadion						-369.54	-93.05	-441.50	-372.03	-76.88	-451.35	
1323/42	193	14	193	15	0	0	0.00	7.56	140	91	0	10.00	5.00	3.00	0.00	0.00	0.00	0	6	1	0	193	7	5	08/23/2005	0							-372.03	-76.88	-451.35	-366.16	-81.47	-450.29	
1323/42	193	15	193	16	0	0	0.00	8.78	82	140	0	0.00	0.00	0.00	0.00	0.00	0.00	0	6	1	0	193	7	5	08/23/2005	0	Klappergass						-366.16	-81.47	-450.29	-359.29	-79.74	-455.44	
1323/42	193	16	193	17	0	0	0.00	11.20	50	154	0	0.00	0.00	0.00	0.00	0.00	0.00	0	6	1	0	193	7	5	08/23/2005	0							-359.29	-79.74	-455.44	-353.88	-74.70	-463.82	
1323/42	193	17	193	18	0	0	0.00	5.56	162	127	0	0.00	0.00	0.00	0.00	0.00	0.00	0	6	1	0	193	7	5	08/23/2005	0							-353.88	-74.70	-463.82	-351.19	-78.98	-466.10	
1323/42	193	18	193	19	0	0	0.00	8.92	12	136	0	0.00	0.00	0.00	0.00	0.00	0.00	0	6	1	0	193	7	5	08/23/2005	0							-351.19	-78.98	-466.10	-349.52	-71.66	-470.87	
1323/42	193	19	193	20	0	0	0.00	9.43	0	134	0	0.00	0.00	0.00	0.00	0.00	0.00	0	6	1	0	193	7	5	08/23/2005	0							-349.52	-71.66	-470.87	-349.24	-63.57	-475.66	
1323/42	193	20	193	21	0	0	0.00	8.17	335	107	0	0.00	0.00	0.00	0.00	0.00	0.00	0	6	1	0	193	7	5	08/23/2005	0							-349.24	-63.57	-475.66	-355.99	-59.10	-476.55	
1323/42	193	21	193	22	0	0	0.00	10.81	84	141	0	0.00	0.00	0.00	0.00	0.00	0.00	0	6	1	0	193	7	5	08/23/2005	0							-355.99	-59.10	-476.55	-347.56	-57.25	-483.02	
1323/42	193	22	190	44	0	0	0.00	0.00	0	0	0	0.00	0.00	0.00	0.00	0.00	0.00	0	6	1	0	193	7	5	08/23/2005	0							-347.56	-57.25	-483.02	-347.56	-57.25	-483.02	
1323/42	193	14	194	23	0	0	0.00	9.93	274	57	0	2.00	2.00	5.00	0.00	0.00	0.00	0	6	-1	0	0	7	12	08/24/2005	0	Ränge						-372.03	-76.88	-451.35	-379.23	-79.70	-445.16	
1323/42	194	23	194	24	0	0	0.00	25.14	268	52	0	3.00	3.00	4.00	0.00	0.00	0.00	0	6	-1	0	0	7	12	08/24/2005	0							-379.23	-79.70	-445.16	-395.55	-87.93	-427.99	
1323/42	194	24	194	25	0	0	0.00	6.14	224	54	0	3.50	3.50	2.00	0.00	0.00	0.00	0	6	-1	0	0	7	12	08/24/2005	0	Steingarten						-395.55	-87.93	-427.99	-397.40	-92.14	-423.94	
1323/42	194	25	194	26	0	0	0.00	18.96	243	51	0	1.50	1.50	1.50	0.00	0.00	0.00	0	6	-1	0	0	7	12	08/24/2005	0							-397.40	-92.14	-423.94	-406.26	-102.43	-410.78	
1323/42	194	24	195	27	0	0	0.00	4.78	390	114	0	1.50	1.50	4.00	0.00	0.00	0.00	0	6	1	0	0	7	12	08/24/2005	0							-395.55	-87.93	-427.99	-396.12	-83.32	-429.03	
1323/42	195	27	195	28	0	0	0.00	8.81	65	108	0	0.50	0.50	5.00	0.00	0.00	0.00	0	6	1	0	0	7	12	08/24/2005	0							-396.12	-83.32	-429.03	-388.53	-79.03	-430.13	
1323/42	195	28	195	29	0	0	0.00	4.52	74	71	0	0.50	0.50	2.00	0.00	0.00	0.00	0	6	1	0	0	7	12	08/24/2005	0							-388.53	-79.03	-430.13	-384.77	-77.55	-428.15	
1323/42	195	29	195	30	0	0	0.00	10.60	52	131	0	1.00	1.00	0.00	0.00	0.00	0.00	0	6	1	0	0	7	12	08/24/2005	0							-384.77	-77.55	-428.15	-377.74	-71.41	-433.10	
1323/42	195	30	195	31	0	0	0.00	10.56	58	89	0	1.50	1.50	30.00	0.00	0.00	0.00	0	6	1	0	0	7	14	08/24/2005	0							-377.74	-71.41	-433.10	-369.32	-65.34	-431.29	
1323/42	195	31	195	32	0	0	0.00	17.94	53	130	0	1.00	0.00	5.00	1.50	0.00	0.00	0	6	1	0	0	7	13	08/24/2005	0	Slug Alley						-369.32	-65.34	-431.29	-357.16	-55.04	-439.41	
1323/42	195	32	195	33	0	0	0.00	8.50	36	141	0	0.30	1.00	8.00	3.00	0.00	0.00	0	6	1	0	0	7	13	08/24/2005	0							-357.16	-55.04	-439.41	-353.33	-49.45	-444.50	
1323/42	195	33	195	34	0	0	0.00	4.55	63	182	0	0.30	1.00	10.00	0.00	0.00	0.00	0	6	1	0	0	7	13	08/24/2005	0							-353.33	-49.45	-444.50	-352.25	-48.79	-448.86	
1323/42	195	34	195	35	0	0	0.00	28.64	58	129	0	0.00	0.00	0.00	0.00	0.00	0.00	0	6	1	0	0	7	13	08/24/2005	0							-352.25	-48.79	-448.86	-331.44	-33.80	-461.42	
1323/42	195	35	196	1	41905	42485	0.00	2.90	323	173	0	1.00	0.00	1.50	5.00	0.00	0.00	0	7	1	0	196	7	13	08/24/2005	0							-331.44	-33.80	-461.42	-332.54	-33.34	-464.06	
1323/42	196	1	196	2	42616	43743	0.00	5.64	74	145	0	0.50	0.00	3.00	1.50	0.00	0.00	0	7	1	0	196	7	13	08/24/2005	0							-332.54	-33.34	-464.06	-328.56	-31.78	-467.71	
1323/42	196	2	196	3	43838	44427	0.00	2.95	63	124	0	0.40	0.00	1.00	0.70	0.00	0.00	0	7	1	0	196	7	13	08/24/2005	0							-328.56	-31.78	-467.71	-326.23	-30.37	-468.80	
1323/42	196	3	196	4	44470	46150	0.00	8.40	45	161	0	0.90	0.00	0.80	2.00	0.00	0.00	0	7	1	0	196	7	13	08/24/2005	0							-326.23	-30.37	-468.80	-322.97	-26.81	-475.65	
1323/42	196	4	196	5	46286	47533	0.00	6.24	57	152	0	0.00	0.40	5.00	2.00	0.00	0.00	0	7	1	0	196	7	13	08/24/2005	0							-322.97	-26.81	-475.65	-319.55	-24.27	-480.19	
1323/42	196	5	196	6	47583	48755	0.00	5.86	56	99	0	0.40	0.40	10.00	3.00	0.00	0.00	0	7	1	0	196	7	13	08/24/2005	0							-319.55	-24.27	-480.19	-314.93	-20.71	-480.10	
1323/42	196	6	196	7	48770	51396	0.00	13.13	43	117	0	1.00	10.00	10.00	0.30	0.00	0.00	0	7	1	0	196	7	13	08/24/2005	0							-314.93	-20.71	-480.10	-306.69	-11.14	-483.55	
1323/42	196	7	190	13	51400	54316	0.00	14.58	39	139	0	2.00	1.50	5.00	5.00	0.00	0.00	0	7	1	0	196	7	13	08/24/2005	0							-306.69	-11.14	-483.55	-299.51	-1.66	-491.91	
1323/42	195	31	197	1	23917	28263	0.00	21.73	242	25	0	1.50	0.70	20.00	1.00	0.00	0.00	0	7	-1	0	196	7	13	08/24/2005	0	Stone Drill Stufe						-369.32	-65.34	-431.29	-374.64	-71.72	-411.24	
1323/42	197	1	197	2	28271	29454	0.00	5.92	210	32	0	1.50	1.00	10.00	21.00	0.00	0.00	0	7	-1	0	0	7	13	08/24/2005	0							-374.64	-71.72	-411.24	-375.19	-74.51	-406.06	
1323/42	197	2	197	3	29683	30371	0.00	3.44	280	105	0	0.00	2.00	7.00	1.50	0.00	0.00	0	7	-1	0	0	7	13	08/24/2005	0							-375.19	-74.51	-406.06	-378.47	-75.46	-406.33	
1323/42	197	3	197	4	30435	31885	0.00	7.25	236	80	0	1.00	2.00	4.00	1.00	0.00	0.00	0	7	-1	0	0	7	13	08/24/2005	0							-378.47	-75.46	-406.33	-382.36	-81.13	-404.10	
1323/42	197	4	197	5	31906	32370	0.00	2.32	262	63	0	0.30	1.00	3.00	1.50	0.00	0.00	0	7	-1	0	0	7	13	08/24/2005	0							-382.36	-81.13	-404.10	-383.99	-82.15	-402.83	
1323/42	197	5	197	6	32434	34767	0.00	11.67	258	72	0	0.40	0.00	2.00	1.00	0.00	0.00	0	7	-1	0	0	7	13	08/24/2005	0							-383.99	-82.15	-402.83	-392.53	-88.31	-397.87	
1323/42	197	6	197	7	34805	36976	0.00	10.86	249	76	0	0.00	1.00	2.00	1.00	0.00	0.00	0	7	-1	0	0	7	13	08/24/2005	0							-392.53	-88.31	-397.87	-399.79	-95.28	-393.89	
1323/42	197	7	197	8	37110	38506	0.00	6.98	255	88	0	0.70	0.00	2.00	1.50	0.00	0.00	0	7	-1	0	0	7	13	08/24/2005	0	OKD-Gang						-399.79	-95.28	-393.89	-405.14	-99.53	-392.59	
1323/42	197	8	197	9	38528	40616	0.00	10.44	252	81	0	0.00	0.50	6.00	2.00	0.00	0.00	0	7	-1	0	0	7	13	08/24/2005	0							-405.14	-99.53	-392.59	-412.62	-106.08	-389.53	
1323/42	197	9	197	10	40693	41863	0.00	5.85	248	123	0	1.00	0.00	5.00	1.00	0.00	0.00	0	7	-1	0	0	7	13	08/24/2005	0	P 43						-412.62	-106.08	-389.53	-416.50	-109.92	-391.59	
1323/42	197	10	197	11	68763	70774	0.00	10.06	320	184	0	0.00	0.00	0.00	0.00	0.00	0.00	0	7	-1	0	0	7	13	08/12/2008	0							-416.50	-109.92	-391.59	-418.84	-109.05	-401.32	
1323/42	197	11	197	12	70911	73786	0.00	14.38	327	188	0	0.00	0.00	0.00	0.00	0.00	0.00	0	7	-1	0	0	7	13	08/12/2008	0							-418.84	-109.05	-401.32	-421.25	-107.85	-415.43	
1323/42	197	12	197	13	73868	76463	0.00	12.98	343	176	0	0.00	0.00	0.00	0.00	0.00	0.00	0	7	-1	0	0	7	13	08/12/2008	0							-421.25	-107.85	-415.43	-424.84	-104.72	-427.48	
1323/42	197	13	197	14	76574	78467	0.00	9.47	265	150	0	0.00	0.00	0.00	0.00	0.00	0.00	0	7	-1	0	0	7	13	08/12/2008	0							-424.84	-104.72	-427.48	-430.67	-107.97	-434.16	
1323/42	197	14	197	15	96456	98587	0.00	10.66	197	107	0	0.00	0.00	0.00	0.00	0.00	0.00	0	7	-1	0	0	7	13	08/12/2008	0							-430.67	-107.97	-434.16	-430.60	-118.53	-435.32	
1323/42	140	5	200	1	0	0	0.00	13.57	61	114.5	0	1.00	3.00	5.00	1.00	0.00	0.00	0	6	1	0	0	7	10	08/22/2005	0	Portalschacht, P18						-51.33	229.45	-564.81	-40.28	236.64	-567.86	
1323/42	200	1	200	2	0	0	0.00	3.28	115	116	0	3.00	0.00	10.00	15.00	0.00	0.00	0	6	1	0	0	7	10	08/22/2005	0							-40.28	236.64	-567.86	-37.23	235.79	-568.67	
1323/42	200	2	200	3	0	0	0.00	17.57	115	200	0	3.00	1.00	25.00	0.00	0.00	0.00	0	6	1	0	0	7	10	08/22/2005	0							-37.23	235.79	-568.67	-37.23	235.79	-586.24	
1323/42	200	3	200	4	0	0	0.00	1.47	338	60	0	1.00	2.00	25.00	1.00	0.00	0.00	0	6	1	0	0	7	10	08/22/2005	0							-37.23	235.79	-586.24	-38.19	236.49	-585.38	
1323/42	200	4	200	5	0	0	0.00	11.97	260	98	0	0.50	3.00	15.00	2.00	0.00	0.00	0	6	-1	0	0	7	10	08/22/2005	0							-38.19	236.49	-585.38	-48.08	229.83	-585.01	
1323/42	200	5	200	6	0	0	0.00	7.11	390	91.5	0	2.00	0.50	2.00	1.50	0.00	0.00	0	6	-1	0	0	7	10	08/22/2005	0							-48.08	229.83	-585.01	-48.93	236.80	-584.06	
1323/42	200	6	200	7	0	0	0.00	5.18	330	72.5	0	1.00	3.00	5.00	1.00	0.00	0.00	0	6	-1	0	0	7	10	08/22/2005	0							-48.93	236.80	-584.06	-53.03	239.08	-581.90	
1323/42	200	7	200	8	0	0	0.00	14.19	265	98	0	0.50	0.50	0.50	1.00	0.00	0.00	0	6	-1	0	0	7	10	08/22/2005	0							-53.03	239.08	-581.90	-65.34	232.12	-581.46	
1323/42	200	4	201	1	0	0	0.00	6.62	57	103	0	0.50	5.00	25.00	0.00	0.00	0.00	0	6	0.33	0	0	7	10	08/22/2005	0							-38.19	236.49	-585.38	-32.90	240.43	-585.69	
1323/42	201	1	201	2	0	0	0.00	13.66	82	112	0	1.50	0.00	15.00	2.00	0.00	0.00	0	6	0.33	0	0	7	10	08/22/2005	0							-32.90	240.43	-585.69	-19.94	243.70	-588.25	
1323/42	201	2	201	3	0	0	0.00	7.30	45	155	0	0.00	3.00	25.00	5.00	0.00	0.00	0	6	0.33	0	0	7	10	08/22/2005	0							-19.94	243.70	-588.25	-16.74	247.19	-593.78	
1323/42	148	15	205	1	0	0	0.00	11.70	270	142	0	1.00	0.50	5.00	3.00	0.00	0.00	0	6	-0.8	0	0	7	6	08/22/2005	0	Schweigender Fluss						-241.41	83.96	-551.89	-249.76	80.07	-559.04	
1323/42	205	1	205	2	0	0	0.00	5.79	242	89	0	0.00	1.50	1.00	1.00	0.00	0.00	0	6	-0.8	0	0	7	6	08/22/2005	0							-249.76	80.07	-559.04	-253.41	75.70	-558.05	
1323/42	205	2	205	3	0	0	0.00	4.40	280	150	0	0.00	0.50	4.00	1.50	0.00	0.00	0	6	-0.8	0	0	7	6	08/22/2005	0							-253.41	75.70	-558.05	-256.39	74.85	-561.15	
1323/42	205	3	205	4	0	0	0.00	11.37	256	88.5	0	0.00	1.00	3.00	2.00	0.00	0.00	0	6	-0.8	0	0	7	6	08/22/2005	0							-256.39	74.85	-561.15	-265.23	68.05	-559.12	
1323/42	205	4	205	5	0	0	0.00	7.72	280	119	0	1.00	0.00	3.00	0.50	0.00	0.00	0	6	-0.8	0	0	7	6	08/22/2005	0							-265.23	68.05	-559.12	-272.30	66.02	-561.38	
1323/42	205	5	205	6	0	0	0.00	9.93	255	96.5	0	0.00	0.70	1.00	1.00	0.00	0.00	0	6	-0.8	0	0	7	6	08/22/2005	0							-272.30	66.02	-561.38	-280.03	59.88	-560.83	
1323/42	205	6	205	7	0	0	0.00	9.10	250	95	0	1.00	0.50	7.00	1.50	0.00	0.00	0	6	-0.8	0	0	7	6	08/22/2005	0							-280.03	59.88	-560.83	-286.65	53.71	-560.12	
1323/42	205	7	205	8	26757	27148	0.00	3.91	195	101	0	3.00	1.00	5.00	2.00	0.00	0.00	0	6	-0.6	0	0	7	6	08/13/2008	0							-286.65	53.71	-560.12	-286.50	49.82	-560.18	
1323/42	205	8	205	9	27148	27740	0.00	5.92	110	75	0	1.00	2.00	10.00	2.00	0.00	0.00	0	6	-0.6	0	0	7	6	08/13/2008	0							-286.50	49.82	-560.18	-281.15	48.75	-557.93	
1323/42	205	9	205	10	27740	28527	0.00	7.87	120	90	0	0.00	0.50	5.00	2.00	0.00	0.00	0	6	-0.6	0	0	7	6	08/13/2008	0							-281.15	48.75	-557.93	-273.89	46.06	-556.70	
1323/42	205	10	205	11	28540	28881	0.00	3.41	240	85	0	0.00	1.00	4.00	2.00	0.00	0.00	0	6	-0.6	0	0	7	6	08/13/2008	0							-273.89	46.06	-556.70	-275.94	43.47	-555.90	
1323/42	205	11	205	12	28881	29669	0.00	7.88	305	96	0	1.00	1.00	3.00	1.00	0.00	0.00	0	6	-0.6	0	0	7	6	08/13/2008	0							-275.94	43.47	-555.90	-283.72	44.40	-555.41	
1323/42	205	12	205	13	29669	29921	0.00	2.52	336	52	0	0.50	1.00	2.00	2.00	0.00	0.00	0	6	-0.6	0	0	7	6	08/13/2008	0							-283.72	44.40	-555.41	-285.23	45.44	-553.69	
1323/42	205	13	205	14	29221	30485	0.00	12.64	310	73	0	0.00	0.50	5.00	3.00	0.00	0.00	0	6	-0.6	0	0	7	6	08/13/2008	0							-285.23	45.44	-553.69	-296.49	47.69	-548.51	
1323/42	205	14	205	15	30485	30736	0.00	2.51	360	96	0	4.00	0.50	1.00	3.00	0.00	0.00	0	6	-0.6	0	0	7	6	08/13/2008	0							-296.49	47.69	-548.51	-297.87	49.77	-548.35	
1323/42	125	23	220	0	0	0	0.00	35.31	10	164.5	0	0.00	0.00	0.00	0.00	0.00	0.00	0	6	1	0	0	3	5	08/24/2004	0							203.66	452.95	-654.52	207.19	471.26	-684.43	
1323/42	220	0	220	1	0	0	0.00	13.66	124	73	0	15.00	5.00	4.00	1.00	0.00	0.00	0	6	1	0	0	3	5	08/24/2004	0							207.19	471.26	-684.43	218.58	466.31	-678.82	
1323/42	220	1	220	2	0	0	0.00	11.13	20	53	0	7.00	4.00	12.00	0.00	0.00	0.00	0	6	1	0	0	3	5	08/24/2004	0							218.58	466.31	-678.82	221.37	474.03	-671.35	
1323/42	220	2	220	3	0	0	0.00	12.16	99	61	0	11.00	18.00	15.00	1.00	0.00	0.00	0	6	1	0	0	3	5	08/24/2004	0							221.37	474.03	-671.35	231.29	473.85	-664.38	
1323/42	220	3	220	4	0	0	0.00	14.56	385	91	0	2.00	1.00	31.00	0.00	0.00	0.00	0	6	1	0	0	7	5	08/24/2004	0							231.29	473.85	-664.38	228.41	487.92	-662.33	
1323/42	220	3	221	1	0	0	0.00	20.04	224	76	0	9.00	0.50	12.00	1.00	0.00	0.00	0	6	-1	0	0	7	5	08/24/2004	0							231.29	473.85	-664.38	223.88	456.82	-657.02	
1323/42	220	3	222	1	0	0	0.00	12.37	12	134	0	4.00	4.00	4.00	1.00	0.00	0.00	0	6	1	0	0	3	5	08/24/2004	0							231.29	473.85	-664.38	233.63	484.21	-670.66	
1323/42	222	1	222	2	0	0	0.00	8.33	12	146	0	1.00	8.00	2.00	2.00	0.00	0.00	0	6	1	0	0	3	5	08/24/2004	0							233.63	484.21	-670.66	235.01	490.28	-676.15	
1323/42	222	2	222	3	0	0	0.00	18.12	65	149	0	7.00	5.00	6.00	0.00	0.00	0.00	0	6	1	0	0	3	5	08/24/2004	0	Minas Tirith						235.01	490.28	-676.15	246.30	496.69	-688.73	
1323/42	222	3	222	4	0	0	0.00	24.29	30	126	0	3.00	10.00	2.00	2.00	0.00	0.00	0	6	1	0	0	3	5	08/24/2004	0							246.30	496.69	-688.73	257.05	516.14	-698.35	
1323/42	222	4	222	5	0	0	0.00	15.08	49	120	0	7.00	12.00	6.00	2.00	0.00	0.00	0	6	1	0	0	3	5	08/24/2004	0							257.05	516.14	-698.35	267.34	526.07	-702.99	
1323/42	222	5	222	6	0	0	0.00	15.12	58	122	0	7.00	10.00	4.00	2.00	0.00	0.00	0	6	1	0	0	3	5	08/24/2004	0							267.34	526.07	-702.99	278.83	534.38	-708.10	
1323/42	222	6	222	7	0	0	0.00	15.00	54	123	0	7.50	6.00	4.00	2.00	0.00	0.00	0	6	1	0	0	3	5	08/24/2004	0							278.83	534.38	-708.10	289.62	543.27	-713.38	
1323/42	222	7	222	8	0	0	0.00	10.77	39	142	0	3.00	3.00	6.00	2.00	0.00	0.00	0	6	1	0	0	3	5	08/24/2004	0							289.62	543.27	-713.38	294.74	550.05	-719.97	
1323/42	222	8	222	9	0	0	0.00	12.60	33	144	0	1.00	1.00	3.00	1.00	0.00	0.00	0	6	1	0	0	3	5	08/24/2004	0							294.74	550.05	-719.97	299.81	558.29	-727.98	
1323/42	222	7	223	1	0	0	0.00	18.36	358	90	0	4.00	4.00	1.00	1.00	0.00	0.00	0	6	-1	0	0	7	5	08/24/2004	0							289.62	543.27	-713.38	279.03	557.92	-710.52	
1323/42	185	1	224	1	0	0	0.00	21.77	90	200	0	0.00	0.00	0.00	0.00	0.00	0.00	0	6	1	0	0	7	5	05/26/2004	0							244.24	425.11	-620.05	244.24	425.11	-641.82	
1323/42	224	1	224	2	0	0	0.00	7.53	90	90	0	4.00	3.00	15.00	2.00	0.00	0.00	0	6	1	0	0	7	5	05/26/2004	0							244.24	425.11	-641.82	251.59	426.03	-640.65	
1323/42	224	2	224	3	0	0	0.00	14.78	72	104	0	1.00	3.00	15.00	2.00	0.00	0.00	0	6	1	0	0	7	5	05/26/2004	0							251.59	426.03	-640.65	265.09	431.84	-641.58	
1323/42	224	2	225	1	0	0	0.00	9.32	397	86	0	7.00	1.00	10.00	1.00	0.00	0.00	0	6	-1	0	0	7	5	05/26/2004	0							251.59	426.03	-640.65	251.47	435.09	-638.62	
1323/42	225	1	225	2	0	0	0.00	11.14	383	110	0	2.00	1.00	2.00	1.00	0.00	0.00	0	6	-1	0	0	7	5	05/26/2004	0							251.47	435.09	-638.62	248.92	445.76	-640.36	
1323/42	225	2	225	3	0	0	0.00	11.29	295	132	0	1.00	0.50	2.00	0.00	0.00	0.00	0	6	-1	0	0	7	5	05/26/2004	0							248.92	445.76	-640.36	239.07	445.32	-645.78	
1323/42	225	3	225	4	0	0	0.00	5.51	248	71	0	1.00	0.00	0.50	1.50	0.00	0.00	0	6	-1	0	0	7	5	05/26/2004	0							239.07	445.32	-645.78	235.57	441.83	-643.37	
1323/42	103	7	226	1	0	0	0.00	6.80	137	43	0	0.00	0.00	0.00	0.00	0.00	0.00	0	5	1	0	226	9	4	08/25/2004	0							55.39	287.52	-580.62	58.65	283.78	-576.00	
1323/42	226	1	226	2	0	0	0.00	10.60	135	-57	0	0.00	0.00	0.00	0.00	0.00	0.00	0	5	1	0	226	9	4	08/25/2004	0							58.65	283.78	-576.00	62.58	279.57	-584.87	
1323/42	226	2	226	3	0	0	0.00	10.60	0	-90	0	0.00	0.00	0.00	0.00	0.00	0.00	0	5	1	0	226	9	4	08/25/2004	0							62.58	279.57	-584.87	62.58	279.57	-595.47	
1323/42	226	3	226	4	0	0	0.00	3.50	312	0	0	0.00	0.00	0.00	0.00	0.00	0.00	0	5	1	0	226	9	4	08/25/2004	0							62.58	279.57	-595.47	60.07	281.99	-595.47	
1323/42	226	4	110	4	0	0	0.00	0.00	0	0	0	0.00	0.00	0.00	0.00	0.00	0.00	0	5	1	0	226	9	4	08/25/2004	0							60.07	281.99	-595.47	60.07	281.99	-595.47	
1323/42	190	15	701	0	0	0	0.00	6.00	90	200	0	0.50	0.50	0.50	0.50	0.00	0.00	0	6	1	0	0	7	5	09/11/2007	0							-323.52	-0.95	-515.68	-323.52	-0.95	-521.68	
1323/42	701	0	701	1	75600	75755	0.00	1.55	90	100	0	2.00	3.00	25.00	2.00	0.00	0.00	0	6	0	0	701	7	5	09/11/2007	0							-323.52	-0.95	-521.68	-321.99	-0.77	-521.68	
1323/42	701	1	701	2	75755	76548	0.00	7.93	385	136	0	0.20	0.30	15.00	2.00	0.00	0.00	0	6	0.7	0	701	7	5	09/11/2007	0							-321.99	-0.77	-521.68	-323.29	5.78	-525.92	
1323/42	701	2	701	3	76552	77285	0.00	7.33	380	148	0	0.50	1.00	20.00	2.00	0.00	0.00	0	6	0.7	0	701	7	5	09/11/2007	0							-323.29	5.78	-525.92	-324.74	10.91	-530.93	
1323/42	701	3	701	4	77298	77854	0.00	5.56	390	119	0	0.70	0.30	10.00	2.00	0.00	0.00	0	6	0.7	0	701	7	5	09/11/2007	0							-324.74	10.91	-530.93	-325.36	16.17	-532.56	
1323/42	701	4	701	5	77855	78816	0.00	9.61	22	132	0	2.00	0.50	5.00	6.00	0.00	0.00	0	6	0.7	0	701	7	5	09/11/2007	0							-325.36	16.17	-532.56	-322.21	23.95	-537.17	
1323/42	701	5	701	6	78866	79550	0.00	6.84	20	145	0	2.00	4.00	20.00	1.00	0.00	0.00	0	6	0.7	0	701	7	5	09/11/2007	0							-322.21	23.95	-537.17	-320.42	28.82	-541.60	
1323/42	701	6	701	7	79590	80180	0.00	5.90	310	35	0	0.00	4.00	20.00	6.00	0.00	0.00	0	6	0.7	0	701	7	5	09/11/2007	0							-320.42	28.82	-541.60	-323.44	29.42	-536.58	
1323/42	701	7	701	8	80191	80728	0.00	5.37	45	121	0	2.00	2.00	10.00	0.00	0.00	0.00	0	6	0.7	0	701	7	5	09/11/2007	0							-323.44	29.42	-536.58	-320.00	33.14	-538.31	
1323/42	701	8	701	9	80728	82221	0.00	14.93	25	143	0	0.50	1.00	10.00	2.00	0.00	0.00	0	6	0.7	0	701	7	5	09/11/2007	0							-320.00	33.14	-538.31	-315.14	43.69	-547.63	
1323/42	701	9	701	10	82222	82463	0.00	2.41	30	127	0	0.50	1.00	10.00	1.00	0.00	0.00	0	6	0.7	0	701	7	5	09/11/2007	0							-315.14	43.69	-547.63	-314.07	45.61	-548.61	
1323/42	701	10	701	11	82476	83505	0.00	10.29	60	100	0	0.30	0.70	1.00	1.00	0.00	0.00	0	6	0.7	0	701	7	5	09/11/2007	0							-314.07	45.61	-548.61	-305.55	51.31	-548.61	
1323/42	701	11	701	12	83505	84232	0.00	7.27	45	113	0	0.50	0.20	0.00	0.50	0.00	0.00	0	6	0.7	0	701	7	5	09/11/2007	0							-305.55	51.31	-548.61	-300.73	56.52	-550.08	
1323/42	701	12	205	15	0	0	0.00	0.00	160	104	0	4.00	0.50	1.00	3.00	0.00	0.00	0	6	0.7	0	701	7	5	09/11/2007	0							-300.73	56.52	-550.08	-300.73	56.52	-550.08	
1323/42	125	38	702	1	0	0	0.00	1.00	10	100	0	0.20	0.20	0.30	1.00	0.00	0.00	0	6	1	0	0	15	5	09/12/2007	0	P 6						186.30	499.41	-783.70	186.49	500.39	-783.70	
1323/42	702	1	702	2	89525	90054	0.00	5.29	10	200	0	1.00	1.00	1.00	0.00	0.00	0.00	0	6	1	0	0	15	5	09/12/2007	0							186.49	500.39	-783.70	186.49	500.39	-788.99	
1323/42	702	2	702	3	90055	90463	0.00	4.08	310	129	0	5.00	4.00	0.00	2.00	0.00	0.00	0	6	1	0	0	15	5	09/12/2007	0							186.49	500.39	-788.99	182.91	501.10	-790.78	
1323/42	702	3	702	4	90467	91373	0.00	9.06	205	141	0	1.00	0.50	2.00	1.00	0.00	0.00	0	6	1	0	0	15	5	09/12/2007	0							182.91	501.10	-790.78	182.06	493.92	-796.20	
1323/42	702	4	702	5	0	0	0.00	3.00	390	110	0	0.50	0.50	0.50	0.50	0.00	0.00	0	6	1	0	0	15	5	09/12/2007	0							182.06	493.92	-796.20	181.72	496.85	-796.67	
1323/42	148	14	800	1	96605	97257	0.00	6.52	60	125	0	2.00	2.00	5.00	1.50	0.00	0.00	0	6	1	0	0	7	6	08/11/2008	0							-226.93	98.61	-551.56	-221.93	101.94	-554.05	
1323/42	800	1	800	2	97277	98315	0.00	10.38	0	200	0	0.20	0.30	4.00	3.00	0.00	0.00	0	6	1	0	0	7	6	08/11/2008	0							-221.93	101.94	-554.05	-221.93	101.94	-564.43	
1323/42	800	2	800	2b	0	80	0.00	0.80	145	100	0	4.00	3.00	10.00	0.00	0.00	0.00	0	6	1	0	0	7	6	08/11/2008	0							-221.93	101.94	-564.43	-221.35	101.40	-564.43	
1323/42	800	2b	800	3	98315	98781	0.00	4.66	50	100	0	0.50	1.00	2.00	0.00	0.00	0.00	0	6	1	0	0	7	6	08/11/2008	0							-221.35	101.40	-564.43	-217.93	104.55	-564.43	
1323/42	800	3	800	4	98808	99060	0.00	2.52	30	80	0	0.00	0.50	2.00	1.00	0.00	0.00	0	6	1	0	0	7	6	08/11/2008	0							-217.93	104.55	-564.43	-216.76	106.63	-563.66	
1323/42	800	4	800	5	99080	99694	0.00	6.14	70	99	0	0.50	1.00	10.00	0.00	0.00	0.00	0	6	1	0	0	7	6	08/11/2008	0							-216.76	106.63	-563.66	-211.20	109.19	-563.56	
1323/42	800	5	800	6	99719	100169	0.00	4.50	2	94	0	0.50	1.00	10.00	0.50	0.00	0.00	0	6	1	0	0	7	6	08/11/2008	0							-211.20	109.19	-563.56	-210.88	113.64	-563.14	
1323/42	800	6	800	7	191	449	0.00	2.58	72	93	0	0.50	0.00	10.00	1.50	0.00	0.00	0	6	1	0	0	7	6	08/11/2008	0							-210.88	113.64	-563.14	-208.53	114.64	-562.85	
1323/42	800	7	800	8	459	1106	0.00	6.47	11	102	0	1.00	0.00	10.00	1.00	0.00	0.00	0	6	1	0	0	7	6	08/11/2008	0							-208.53	114.64	-562.85	-207.16	120.94	-563.06	
1323/42	800	8	800	9	1125	1289	0.00	1.64	382	85	0	1.50	0.00	7.00	2.00	0.00	0.00	0	6	1	0	0	7	6	08/11/2008	0							-207.16	120.94	-563.06	-207.54	122.48	-562.68	
1323/42	800	9	800	10	1306	1937	0.00	6.31	352	141	0	1.00	0.50	5.00	1.00	0.00	0.00	0	6	1	0	0	7	6	08/11/2008	0							-207.54	122.48	-562.68	-210.84	126.28	-566.45	
1323/42	800	10	800	11	1980	2175	0.00	1.95	380	65	0	1.00	2.00	0.00	3.00	0.00	0.00	0	6	1	0	0	7	6	08/11/2008	0							-210.84	126.28	-566.45	-211.29	127.88	-565.44	
1323/42	800	11	800	12	2200	2688	0.00	4.88	53	120	0	0.00	3.00	1.00	0.00	0.00	0.00	0	6	1	0	0	7	6	08/11/2008	0							-211.29	127.88	-565.44	-207.74	130.85	-566.94	
1323/42	800	12	800	13	2710	2974	0.00	2.64	110	96	0	1.00	2.00	5.00	10.00	0.00	0.00	0	6	1	0	0	7	6	08/11/2008	0							-207.74	130.85	-566.94	-205.17	130.34	-566.78	
1323/42	800	13	800	14	3014	3672	0.00	6.58	0	200	0	2.00	2.00	5.00	0.00	0.00	0.00	0	6	1	0	0	7	6	08/11/2008	0							-205.17	130.34	-566.78	-205.17	130.34	-573.36	
1323/42	800	14	800	15	3686	4906	0.00	12.20	70	86	0	2.00	1.00	10.00	1.00	0.00	0.00	0	6	1	0	0	7	6	08/11/2008	0							-205.17	130.34	-573.36	-194.38	135.29	-570.70	
1323/42	800	15	800	16	4930	5246	0.00	3.16	73	76	0	1.00	0.00	0.50	2.00	0.00	0.00	0	6	1	0	0	7	6	08/11/2008	0							-194.38	135.29	-570.70	-191.67	136.39	-569.54	
1323/42	800	16	800	17	5267	5966	0.00	6.99	33	132	0	0.50	0.00	3.00	3.00	0.00	0.00	0	6	1	0	0	7	6	08/11/2008	0							-191.67	136.39	-569.54	-188.43	141.57	-572.90	
1323/42	801	0	801	1	0	0	0.00	0.00	0	0	0	0.00	0.00	0.00	0.00	0.00	0.00	0	6	1	0	0	7	5	08/12/2008	0							227.44	439.06	-702.74	227.44	439.06	-702.74	
1323/42	801	1	801	11	16479	17169	0.00	6.90	6	66	0	2.00	0.00	20.00	0.00	0.00	0.00	0	6	1	0	0	7	5	08/12/2008	0							227.44	439.06	-702.74	228.24	444.93	-699.24	
1323/42	801	11	801	12	17177	17860	0.00	6.83	0	0	0	2.00	0.00	30.00	2.00	0.00	0.00	0	6	1	0	0	7	5	08/12/2008	0							228.24	444.93	-699.24	228.24	444.93	-692.41	
1323/42	801	12	801	13	17878	18949	0.00	10.71	378	46	0	0.00	2.00	15.00	1.00	0.00	0.00	0	6	1	0	0	7	5	08/12/2008	0							228.24	444.93	-692.41	226.12	451.67	-684.39	
1323/42	801	13	801	14	18949	20022	0.00	10.73	397	86	0	2.00	0.00	10.00	8.00	0.00	0.00	0	6	1	0	0	7	5	08/12/2008	0							226.12	451.67	-684.39	226.05	462.11	-682.06	
1323/42	801	14	801	15	20046	20965	0.00	9.19	330	77	0	5.00	5.00	10.00	10.00	0.00	0.00	0	6	1	0	0	7	5	08/12/2008	0							226.05	462.11	-682.06	218.58	466.31	-678.82	
1323/42	801	15	220	1	0	0	0.00	0.00	0	0	0	0.00	0.00	0.00	0.00	0.00	0.00	0	6	1	0	0	7	5	08/12/2008	0							218.58	466.31	-678.82	218.58	466.31	-678.82	
1323/42	801	1	802	2	5966	6421	0.00	4.55	193	131	0	10.00	1.50	30.00	2.00	0.00	0.00	0	6	-1	0	0	7	5	08/12/2008	0							227.44	439.06	-702.74	227.72	435.06	-704.86	
1323/42	802	2	802	3	6421	7170	0.00	7.49	112	102	0	2.00	20.00	30.00	5.00	0.00	0.00	0	6	-1	0	0	7	5	08/12/2008	0							227.72	435.06	-704.86	234.99	433.37	-705.10	
1323/42	802	3	802	4	7170	7695	0.00	5.25	175	71	0	8.00	5.00	30.00	1.00	0.00	0.00	0	6	-1	0	0	7	5	08/12/2008	0	8-km-Halle						234.99	433.37	-705.10	236.61	428.96	-702.80	
1323/42	802	4	802	5	7695	7949	0.00	2.54	243	87	0	10.00	0.00	10.00	1.00	0.00	0.00	0	6	-1	0	0	7	5	08/12/2008	0							236.61	428.96	-702.80	234.98	427.09	-702.28	
1323/42	802	5	802	6	7968	9497	0.00	15.29	240	143	0	8.00	1.00	10.00	1.00	0.00	0.00	0	6	-1	0	0	7	5	08/12/2008	0							234.98	427.09	-702.28	227.60	417.75	-711.82	
1323/42	802	6	802	7	9497	10641	0.00	11.44	169	128	0	3.00	2.00	5.00	1.00	0.00	0.00	0	6	-1	0	0	7	5	08/12/2008	0							227.60	417.75	-711.82	232.06	408.44	-716.67	
1323/42	802	4	803	8	10641	11604	0.00	9.63	185	65	0	3.00	10.00	4.00	1.00	0.00	0.00	0	6	-1	0	0	7	5	08/12/2008	0							236.61	428.96	-702.80	238.20	420.93	-697.78	
1323/42	803	8	803	9	11655	13145	0.00	14.90	185	92	0	1.00	0.00	2.00	2.00	0.00	0.00	0	6	-1	0	0	7	5	08/12/2008	0							238.20	420.93	-697.78	241.06	406.47	-695.92	
1323/42	803	8	804	10	13145	14424	0.00	12.79	225	90	0	0.00	2.00	2.00	2.00	0.00	0.00	0	6	-1	0	0	7	5	08/12/2008	0							238.20	420.93	-697.78	232.91	409.50	-695.78	
1323/42	802	3	805	17	14446	15113	0.00	6.67	0	200	0	3.00	1.00	4.00	2.00	0.00	0.00	0	6	-1	0	0	7	5	08/12/2008	0							234.99	433.37	-705.10	234.99	433.37	-711.77	
1323/42	801	14	806	16	20992	21800	0.00	8.08	0	200	0	0.00	2.00	5.00	2.00	0.00	0.00	0	6	-1	0	0	7	5	08/12/2008	0							226.05	462.11	-682.06	226.05	462.11	-690.14	
1323/42	148	15	807	1	21461	22397	0.00	9.36	238	77	0	0.00	2.00	5.00	2.00	0.00	0.00	0	6	-1	0	0	7	6	08/13/2008	0							-241.41	83.96	-551.89	-246.60	76.95	-548.59	
1323/42	807	1	807	2	22410	22805	0.00	3.95	282	122	0	2.00	0.00	2.00	2.00	0.00	0.00	0	6	-1	0	0	7	6	08/13/2008	0							-246.60	76.95	-548.59	-250.20	76.06	-549.92	
1323/42	807	2	807	3	22838	23034	0.00	1.96	0	200	0	1.00	0.50	10.00	0.00	0.00	0.00	0	6	-1	0	0	7	6	08/13/2008	0							-250.20	76.06	-549.92	-250.20	76.06	-551.88	
1323/42	807	3	807	4	23040	24122	0.00	10.82	261	102	0	1.00	1.00	1.00	1.00	0.00	0.00	0	6	-1	0	0	7	6	08/13/2008	0							-250.20	76.06	-551.88	-259.26	70.22	-552.22	
1323/42	807	2	808	5	24130	24389	0.00	2.59	177	104	0	1.00	0.50	2.00	1.00	0.00	0.00	0	6	-1	0	0	7	6	08/13/2008	0							-250.20	76.06	-549.92	-249.38	73.61	-550.09	
1323/42	808	5	808	6	24408	25443	0.00	10.35	193	132	0	1.00	1.00	5.00	0.00	0.00	0.00	0	6	-1	0	0	7	6	08/13/2008	0							-249.38	73.61	-550.09	-248.76	64.59	-555.06	
1323/42	808	6	808	7	25830	26405	0.00	5.75	205	75	0	1.00	0.00	3.00	2.00	0.00	0.00	0	6	-1	0	0	7	6	08/13/2008	0							-248.76	64.59	-555.06	-249.39	59.33	-552.86	
1323/42	808	7	808	8	26433	26757	0.00	3.24	220	96	0	0.50	1.00	2.00	1.00	0.00	0.00	0	6	-1	0	0	7	6	08/13/2008	0							-249.39	59.33	-552.86	-250.51	56.31	-552.66	
1323/42	808	8	808	9	0	150	0.00	1.50	293	100	0	0.50	0.00	2.00	1.00	0.00	0.00	0	6	-1	0	0	7	6	08/13/2008	0							-250.51	56.31	-552.66	-252.00	56.21	-552.66	
1323/42	808	9	808	10	0	500	0.00	5.00	190	100	0	0.50	0.00	3.00	0.00	0.00	0.00	0	6	-1	0	0	7	6	08/13/2008	0							-252.00	56.21	-552.66	-251.42	51.26	-552.66	
1323/42	701	7	809	1	30988	31636	0.00	6.48	330	155	0	2.00	4.00	0.00	2.00	0.00	0.00	0	6	-1	0	0	7	5	08/13/2008	0							-323.44	29.42	-536.58	-327.10	31.47	-541.50	
1323/42	809	1	809	2	31657	32992	0.00	13.35	201	47	0	0.00	3.00	3.00	2.00	0.00	0.00	0	6	-1	0	0	7	5	08/13/2008	0							-327.10	31.47	-541.50	-327.60	22.52	-531.65	
1323/42	809	2	809	3	32992	33954	0.00	9.62	240	63	0	3.00	0.00	3.00	2.00	0.00	0.00	0	6	-1	0	0	7	5	08/13/2008	0							-327.60	22.52	-531.65	-332.58	16.23	-526.38	
1323/42	197	14	849	1	78800	83225	0.00	22.13	31	135	0	0.00	0.00	0.00	0.00	0.00	0.00	0	7	1	0	0	7	13	08/12/2008	0							-430.67	-107.97	-434.16	-421.21	-91.72	-445.69	
1323/42	197	14	850	1	83313	85640	0.00	11.64	365	93	0	0.00	0.00	0.00	0.00	0.00	0.00	0	7	1	0	0	15	13	08/12/2008	0							-430.67	-107.97	-434.16	-436.29	-97.91	-432.89	
1323/42	850	1	850	2	85752	86910	0.00	5.79	325	143	0	0.00	0.00	0.00	0.00	0.00	0.00	0	7	1	0	0	15	13	08/12/2008	0							-436.29	-97.91	-432.89	-440.38	-96.02	-436.50	
1323/42	850	2	850	3	87017	88813	0.00	8.98	395	164	0	0.00	0.00	0.00	0.00	0.00	0.00	0	7	1	0	0	15	13	08/12/2008	0							-440.38	-96.02	-436.50	-440.57	-91.22	-444.06	
1323/42	850	3	850	4	88938	90973	0.00	10.18	31	143	0	0.00	0.00	0.00	0.00	0.00	0.00	0	7	1	0	0	15	13	08/12/2008	0							-440.57	-91.22	-444.06	-436.58	-84.37	-450.41	
1323/42	850	4	850	5	91101	91847	0.00	3.73	52	157	0	0.00	0.00	0.00	0.00	0.00	0.00	0	7	1	0	0	15	13	08/12/2008	0							-436.58	-84.37	-450.41	-434.82	-82.85	-453.31	
1323/42	850	5	850	6	91977	94033	0.00	10.28	40	160	0	0.00	0.00	0.00	0.00	0.00	0.00	0	7	1	0	0	15	13	08/12/2008	0							-434.82	-82.85	-453.31	-431.08	-78.12	-461.62	
1323/42	850	6	850	7	94105	96400	0.00	11.48	380	145	0	0.00	0.00	0.00	0.00	0.00	0.00	0	7	1	0	0	15	13	08/12/2008	0	OKD-Halle						-431.08	-78.12	-461.62	-433.43	-69.74	-469.05	
1323/42	190	76	851	1	98640	100500	0.00	9.30	210	38	0	0.00	0.00	0.00	0.00	0.00	0.00	0	7	-1	0	0	3	6	08/13/2008	0							-312.50	-180.53	-418.11	-313.52	-185.64	-410.44	
1323/42	851	1	851	2	520	2450	0.00	9.65	158	86	0	0.00	0.00	0.00	0.00	0.00	0.00	0	7	-1	0	0	3	6	08/13/2008	0							-313.52	-185.64	-410.44	-308.07	-193.29	-408.34	
1323/42	851	2	851	3	2588	4564	0.00	9.88	148	122	0	0.00	0.00	0.00	0.00	0.00	0.00	0	7	-1	0	0	3	6	08/13/2008	0							-308.07	-193.29	-408.34	-301.58	-199.90	-411.68	
1323/42	851	3	851	4	4649	5741	0.00	5.46	173	146	0	0.00	0.00	0.00	0.00	0.00	0.00	0	7	-1	0	0	3	6	08/13/2008	0							-301.58	-199.90	-411.68	-300.05	-203.69	-415.28	
1323/42	851	4	851	5	5993	7474	0.00	7.41	233	131	0	0.00	0.00	0.00	0.00	0.00	0.00	0	7	-1	0	0	3	6	08/13/2008	0							-300.05	-203.69	-415.28	-303.51	-209.22	-418.73	
1323/42	851	5	851	6	7533	8982	0.00	7.25	198	85	0	0.00	0.00	0.00	0.00	0.00	0.00	0	7	-1	0	0	3	6	08/13/2008	0							-303.51	-209.22	-418.73	-303.58	-216.24	-417.05	
1323/42	851	6	851	7	9060	10692	0.00	8.16	155	85	0	0.00	0.00	0.00	0.00	0.00	0.00	0	7	-1	0	0	3	6	08/13/2008	0							-303.58	-216.24	-417.05	-298.69	-222.46	-415.15	
1323/42	851	7	851	8	10720	11417	0.00	3.49	178	128	0	0.00	0.00	0.00	0.00	0.00	0.00	0	7	-1	0	0	3	6	08/13/2008	0							-298.69	-222.46	-415.15	-297.74	-225.46	-416.63	
1323/42	851	8	851	9	11490	12040	0.00	2.75	115	48	0	0.00	0.00	0.00	0.00	0.00	0.00	0	7	-1	0	0	3	6	08/13/2008	0							-297.74	-225.46	-416.63	-295.94	-225.97	-414.63	
1323/42	851	9	851	10	12095	12966	0.00	4.36	168	123	0	0.00	0.00	0.00	0.00	0.00	0.00	0	7	-1	0	0	3	6	08/13/2008	0							-295.94	-225.97	-414.63	-294.12	-229.60	-416.16	
1323/42	851	10	851	11	13013	13574	0.00	2.81	238	99	0	0.00	0.00	0.00	0.00	0.00	0.00	0	7	-1	0	0	3	6	08/13/2008	0							-294.12	-229.60	-416.16	-295.79	-231.85	-416.12	
1323/42	851	11	851	12	13583	13869	0.00	1.43	140	109	0	0.00	0.00	0.00	0.00	0.00	0.00	0	7	-1	0	0	3	6	08/13/2008	0							-295.79	-231.85	-416.12	-294.68	-232.73	-416.32	
1323/42	851	12	851	13	13960	15306	0.00	6.73	180	95	0	0.00	0.00	0.00	0.00	0.00	0.00	0	7	-1	0	0	3	6	08/13/2008	0							-294.68	-232.73	-416.32	-292.87	-239.16	-415.79	
1323/42	851	13	851	14	15316	17302	0.00	9.93	135	106	0	0.00	0.00	0.00	0.00	0.00	0.00	0	7	-1	0	0	3	6	08/13/2008	0							-292.87	-239.16	-415.79	-284.69	-244.65	-416.72	
1323/42	851	14	851	15	17338	18456	0.00	5.59	373	50	0	0.00	0.00	0.00	0.00	0.00	0.00	0	7	-1	0	0	3	6	08/14/2008	0							-284.69	-244.65	-416.72	-286.16	-240.99	-412.78	
1323/42	851	15	851	16	18507	19207	0.00	3.50	84	63	0	0.00	0.00	0.00	0.00	0.00	0.00	0	7	-1	0	0	3	6	08/14/2008	0							-286.16	-240.99	-412.78	-283.31	-240.38	-410.86	
1323/42	851	16	851	17	19281	20444	0.00	5.82	105	108	0	0.00	0.00	0.00	0.00	0.00	0.00	0	7	-1	0	0	3	6	08/14/2008	0							-283.31	-240.38	-410.86	-277.60	-241.06	-411.59	
1323/42	851	17	851	18	20490	22389	0.00	9.50	131	98	0	0.00	0.00	0.00	0.00	0.00	0.00	0	7	-1	0	0	3	6	08/14/2008	0							-277.60	-241.06	-411.59	-269.43	-245.82	-411.29	
1323/42	851	18	851	19	22436	23850	0.00	7.07	97	62	0	0.00	0.00	0.00	0.00	0.00	0.00	0	7	-1	0	0	3	6	08/14/2008	0							-269.43	-245.82	-411.29	-263.60	-245.79	-407.33	
1323/42	851	19	851	20	24022	25904	0.00	9.41	160	96	0	0.00	0.00	0.00	0.00	0.00	0.00	0	7	-1	0	0	3	6	08/14/2008	0							-263.60	-245.79	-407.33	-258.41	-253.57	-406.74	
1323/42	851	20	851	21	25967	26831	0.00	4.32	104	100	0	0.00	0.00	0.00	0.00	0.00	0.00	0	7	-1	0	0	3	6	08/14/2008	0							-258.41	-253.57	-406.74	-254.12	-254.02	-406.74	
1323/42	851	21	851	22	26891	29808	0.00	14.59	165	73	0	0.00	0.00	0.00	0.00	0.00	0.00	0	7	-1	0	0	3	6	08/14/2008	0							-254.12	-254.02	-406.74	-247.66	-265.59	-400.76	
1323/42	851	22	851	23	30031	31891	0.00	9.30	160	68	0	0.00	0.00	0.00	0.00	0.00	0.00	0	7	-1	0	0	3	6	08/14/2008	0							-247.66	-265.59	-400.76	-243.16	-272.35	-396.29	
1323/42	851	23	851	24	31960	34894	0.00	14.67	137	97	0	0.00	0.00	0.00	0.00	0.00	0.00	0	7	-1	0	0	3	6	08/14/2008	0	Südost-Autobahn						-243.16	-272.35	-396.29	-231.28	-280.86	-395.60	
1323/42	851	24	851	25	34953	37823	0.00	14.35	127	95	0	0.00	0.00	0.00	0.00	0.00	0.00	0	7	-1	0	0	3	6	08/14/2008	0							-231.28	-280.86	-395.60	-218.54	-287.25	-394.48	
1323/42	851	25	851	26	37879	43584	0.00	28.53	129	109	0	0.00	0.00	0.00	0.00	0.00	0.00	0	7	-1	0	0	3	6	08/14/2008	0							-218.54	-287.25	-394.48	-193.78	-300.64	-398.48	
1323/42	851	26	851	27	43644	45370	0.00	8.63	155	59	0	0.00	0.00	0.00	0.00	0.00	0.00	0	7	-1	0	0	3	6	08/14/2008	0							-193.78	-300.64	-398.48	-189.53	-306.05	-393.32	
1323/42	851	27	851	28	45403	47597	0.00	10.97	89	98	0	0.00	0.00	0.00	0.00	0.00	0.00	0	7	-1	0	0	3	6	08/14/2008	0							-189.53	-306.05	-393.32	-178.69	-304.61	-392.97	
1323/42	851	28	851	29	47677	49584	0.00	9.54	100	127	0	0.00	0.00	0.00	0.00	0.00	0.00	0	7	-1	0	0	3	6	08/14/2008	0							-178.69	-304.61	-392.97	-170.04	-304.96	-396.89	
1323/42	851	29	851	30	52889	56260	0.00	16.86	165	63	0	0.00	0.00	0.00	0.00	0.00	0.00	0	7	-1	0	0	3	6	08/14/2008	0							-170.04	-304.96	-396.89	-163.19	-317.23	-387.66	
1323/42	851	30	851	31	56310	60551	0.00	21.21	151	122	0	0.00	0.00	0.00	0.00	0.00	0.00	0	7	-1	0	0	3	6	08/14/2008	0							-163.19	-317.23	-387.66	-149.94	-332.06	-394.82	
1323/42	851	31	851	32	60591	61598	0.00	5.04	140	98	0	0.00	0.00	0.00	0.00	0.00	0.00	0	7	-1	0	0	3	6	08/14/2008	0							-149.94	-332.06	-394.82	-146.00	-335.17	-394.66	
1323/42	851	32	851	33	61631	62991	0.00	6.80	136	138	0	0.00	0.00	0.00	0.00	0.00	0.00	0	7	-1	0	0	3	6	08/14/2008	0							-146.00	-335.17	-394.66	-141.39	-338.36	-398.47	
1323/42	851	33	851	34	63040	66056	0.00	15.08	175	67	0	0.00	0.00	0.00	0.00	0.00	0.00	0	7	-1	0	0	3	6	08/14/2008	0							-141.39	-338.36	-398.47	-136.89	-350.62	-391.02	
1323/42	851	34	851	35	66075	68823	0.00	13.74	200	63	0	0.00	0.00	0.00	0.00	0.00	0.00	0	7	-1	0	0	3	6	08/14/2008	0							-136.89	-350.62	-391.02	-137.35	-362.07	-383.50	
1323/42	851	35	851	36	0	0	0.00	23.85	147.8	50.9	0	2.09	3.88	8.05	1.11	0.00	0.00	0	8	-1	0	0	3	6	08/11/2009	4							-137.35	-362.07	-383.50	-129.88	-375.12	-364.99	
1323/42	851	36	851	37	0	0	0.00	15.69	182.1	50.3	0	1.22	0.33	0.71	1.41	0.00	0.00	0	8	-1	0	0	3	6	08/11/2009	4							-129.88	-375.12	-364.99	-130.67	-385.11	-352.92	
1323/42	851	37	851	38	0	0	0.00	5.58	247.3	63	0	2.00	1.20	0.00	1.00	0.00	0.00	0	8	-1	0	0	3	6	08/11/2009	4							-130.67	-385.11	-352.92	-133.05	-385.99	-347.95	
1323/42	851	38	851	39	0	0	0.00	1.80	173.5	34.2	0	0.50	2.00	2.00	1.50	0.00	0.00	0	8	-1	0	0	3	6	08/11/2009	4							-133.05	-385.99	-347.95	-132.94	-387.48	-346.94	
1323/42	851	39	851	40	0	0	0.00	3.33	128.8	27.7	0	1.50	0.00	0.30	0.90	0.00	0.00	0	8	-1	0	0	3	6	08/11/2009	4							-132.94	-387.48	-346.94	-130.73	-389.42	-345.39	
1323/42	851	40	851	41	0	0	0.00	4.10	93.5	-3	0	1.10	2.80	1.80	0.40	0.00	0.00	0	8	-1	0	0	3	6	08/11/2009	4							-130.73	-389.42	-345.39	-126.65	-389.84	-345.60	
1323/42	851	41	851	42	0	0	0.00	2.48	118.3	29.2	0	2.00	2.40	0.00	2.00	0.00	0.00	0	8	-1	0	0	3	6	08/11/2009	4							-126.65	-389.84	-345.60	-124.79	-390.95	-344.39	
1323/42	851	42	851	43	0	0	0.00	7.91	81.5	-59.5	0	0.00	0.60	0.00	0.90	0.00	0.00	0	8	-1	0	0	3	6	08/11/2009	4							-124.79	-390.95	-344.39	-120.80	-390.52	-351.21	
1323/42	851	43	851	44	0	0	0.00	7.38	107.4	-50.1	0	2.00	0.00	2.80	1.70	0.00	0.00	0	8	-1	0	0	3	6	08/11/2009	4							-120.80	-390.52	-351.21	-116.35	-392.13	-356.87	
1323/42	851	44	851	45	0	0	0.00	7.36	84.7	-40.8	0	0.00	3.20	6.00	1.20	0.00	0.00	0	8	-1	0	0	3	6	08/11/2009	4							-116.35	-392.13	-356.87	-110.78	-391.85	-361.68	
1323/42	851	45	851	46	0	0	0.00	11.96	135.8	5	0	3.00	3.60	1.95	0.60	0.00	0.00	0	8	-1	0	0	3	6	08/11/2009	4							-110.78	-391.85	-361.68	-102.85	-400.74	-360.64	
1323/42	851	46	851	47	0	0	0.00	4.06	78.5	19.9	0	0.00	1.00	2.00	2.80	0.00	0.00	0	8	-1	0	0	3	6	08/24/2011	4							-102.85	-400.74	-360.64	-99.07	-400.15	-359.25	
1323/42	851	47	851	48	0	0	0.00	7.34	131	1.2	0	0.40	0.40	0.20	0.50	0.00	0.00	0	8	-1	0	0	3	6	08/24/2011	4							-99.07	-400.15	-359.25	-93.76	-405.21	-359.10	
1323/42	851	48	851	49	0	0	0.00	2.79	100.7	37.1	0	0.00	0.00	0.00	0.00	0.00	0.00	0	8	-1	0	0	3	6	08/24/2011	4							-93.76	-405.21	-359.10	-91.60	-405.73	-357.42	
1323/42	851	46	852	1	0	0	0.00	29.12	210.3	55.41	0	0.00	0.00	0.00	0.00	0.00	0.00	0	8	-1	0	0	7	6	08/11/2009	4							-102.85	-400.74	-360.64	-111.78	-414.64	-336.66	
1323/42	3	1	3	0	0	0	0.00	0.00	0	0	0	0.00	0.00	0.00	0.00	0.00	0.00	0	0	1	0	0	2	80		0	Loferer Schacht 2						8.54	-20.45	-3.62	8.54	-20.45	-3.62	
1323/42	2	5	2	5	0	0	0.00	0.00	0	0	0	0.00	0.00	0.00	0.00	0.00	0.00	0	0	1	0	0	2	80		0	Loferer Schacht 3						18.54	-33.18	-6.55	18.54	-33.18	-6.55	
